-- MySQL dump 10.13  Distrib 8.0.18, for Win64 (x86_64)
--
-- Host: 127.0.0.1    Database: haaim_db
-- ------------------------------------------------------
-- Server version	8.0.18

/*!40101 SET @OLD_CHARACTER_SET_CLIENT=@@CHARACTER_SET_CLIENT */;
/*!40101 SET @OLD_CHARACTER_SET_RESULTS=@@CHARACTER_SET_RESULTS */;
/*!40101 SET @OLD_COLLATION_CONNECTION=@@COLLATION_CONNECTION */;
/*!50503 SET NAMES utf8 */;
/*!40103 SET @OLD_TIME_ZONE=@@TIME_ZONE */;
/*!40103 SET TIME_ZONE='+00:00' */;
/*!40014 SET @OLD_UNIQUE_CHECKS=@@UNIQUE_CHECKS, UNIQUE_CHECKS=0 */;
/*!40014 SET @OLD_FOREIGN_KEY_CHECKS=@@FOREIGN_KEY_CHECKS, FOREIGN_KEY_CHECKS=0 */;
/*!40101 SET @OLD_SQL_MODE=@@SQL_MODE, SQL_MODE='NO_AUTO_VALUE_ON_ZERO' */;
/*!40111 SET @OLD_SQL_NOTES=@@SQL_NOTES, SQL_NOTES=0 */;

--
-- Table structure for table `answer_sheet`
--

DROP TABLE IF EXISTS `answer_sheet`;
/*!40101 SET @saved_cs_client     = @@character_set_client */;
/*!50503 SET character_set_client = utf8mb4 */;
CREATE TABLE `answer_sheet` (
  `exam_no` int(20) NOT NULL AUTO_INCREMENT COMMENT '시험지번호',
  `student_no` int(10) NOT NULL COMMENT '학생번호',
  `question_no` int(2) NOT NULL COMMENT '문제번호',
  `answer` varchar(500) DEFAULT NULL COMMENT '답',
  `file_path` varchar(200) DEFAULT NULL,
  `result` int(1) DEFAULT NULL COMMENT '채점결과 (0:X/ 1:O)',
  `input_id` varchar(45) NOT NULL,
  `input_date` datetime NOT NULL,
  `update_id` varchar(45) DEFAULT NULL,
  `update_date` datetime DEFAULT NULL,
  PRIMARY KEY (`exam_no`,`student_no`,`question_no`),
  KEY `fk_table1_class_student1_idx` (`student_no`)
) ENGINE=InnoDB DEFAULT CHARSET=utf8mb4 COLLATE=utf8mb4_0900_ai_ci COMMENT='답안지';
/*!40101 SET character_set_client = @saved_cs_client */;

--
-- Dumping data for table `answer_sheet`
--

LOCK TABLES `answer_sheet` WRITE;
/*!40000 ALTER TABLE `answer_sheet` DISABLE KEYS */;
/*!40000 ALTER TABLE `answer_sheet` ENABLE KEYS */;
UNLOCK TABLES;

--
-- Table structure for table `authority`
--

DROP TABLE IF EXISTS `authority`;
/*!40101 SET @saved_cs_client     = @@character_set_client */;
/*!50503 SET character_set_client = utf8mb4 */;
CREATE TABLE `authority` (
  `menu_code` varchar(10) NOT NULL COMMENT '메뉴코드',
  `user_type` int(1) NOT NULL COMMENT '사용자권한',
  `use_yn` int(1) NOT NULL,
  `input_id` varchar(45) NOT NULL,
  `input_date` datetime NOT NULL,
  `update_id` varchar(45) DEFAULT NULL,
  `update_date` datetime DEFAULT NULL,
  PRIMARY KEY (`menu_code`,`user_type`)
) ENGINE=InnoDB DEFAULT CHARSET=utf8mb4 COLLATE=utf8mb4_0900_ai_ci COMMENT='메뉴권한관리';
/*!40101 SET character_set_client = @saved_cs_client */;

--
-- Dumping data for table `authority`
--

LOCK TABLES `authority` WRITE;
/*!40000 ALTER TABLE `authority` DISABLE KEYS */;
/*!40000 ALTER TABLE `authority` ENABLE KEYS */;
UNLOCK TABLES;

--
-- Table structure for table `class`
--

DROP TABLE IF EXISTS `class`;
/*!40101 SET @saved_cs_client     = @@character_set_client */;
/*!50503 SET character_set_client = utf8mb4 */;
CREATE TABLE `class` (
  `class_no` int(10) NOT NULL AUTO_INCREMENT COMMENT '클래스 번호',
  `year` int(4) NOT NULL COMMENT '기간',
  `class_name` varchar(100) DEFAULT NULL COMMENT '클래스명',
  `start_date` varchar(10) NOT NULL COMMENT '클래스 시작 기간',
  `end_date` varchar(10) NOT NULL COMMENT '클래스 종료 기간',
  `day_time` varchar(45) DEFAULT NULL COMMENT '수업 요일 & 시간 ',
  `textbook` varchar(500) DEFAULT NULL COMMENT '교재',
  `pass_score` int(3) DEFAULT NULL COMMENT 'PASS 기준 점수',
  `description` varchar(1024) DEFAULT NULL COMMENT '기타정보',
  `status` int(1) NOT NULL DEFAULT '0' COMMENT '개설여부 (N:0,Y:1)',
  `input_id` varchar(45) DEFAULT NULL,
  `input_date` datetime DEFAULT NULL,
  `update_id` varchar(45) DEFAULT NULL,
  `update_date` datetime DEFAULT NULL,
  PRIMARY KEY (`class_no`)
) ENGINE=InnoDB AUTO_INCREMENT=52 DEFAULT CHARSET=utf8 COMMENT='수업관리';
/*!40101 SET character_set_client = @saved_cs_client */;

--
-- Dumping data for table `class`
--

LOCK TABLES `class` WRITE;
/*!40000 ALTER TABLE `class` DISABLE KEYS */;
INSERT INTO `class` VALUES (33,2021,' 1학기 중3 A','20210225','20210724','화목오후4:30/ 토오전11:00 ','고등수학 상 수학의 바이블/고쟁이/쎈/일품/블랙라벨',90,'',0,'ADMIN','2021-03-30 22:38:15',NULL,NULL),(34,2021,' 1학기 중3 B','20210226','20210724','수금오후6:30/토오후2:00','수1 기하 수학의 바이블/고쟁이/쎈/일품/블랙라벨',70,'',0,'ADMIN','2021-03-30 22:38:15',NULL,NULL),(35,2021,'1학기 고1 A','20210301','20210807','월수금오후8:30','풍산자필수유형중2-1/수력충전중2-1',80,'',0,'ADMIN','2021-03-30 22:38:15',NULL,NULL),(36,2021,'1학기 고2 A','20210302','20210804','화목오후6:30/ 토오전2:00 ',' 고3 수학의 바이블/수능특강/수능완성/쎈',80,'',0,'ADMIN','2021-03-30 22:38:15',NULL,NULL),(37,2021,'1학기 중2 A','20210226','20210724','화목오후8:30/ 토오전10:00 ','수1 수학의 바이블/수력충전/쎈',80,'',0,'ADMIN','2021-03-30 22:38:15',NULL,NULL),(38,2021,'1학기 고3 A','20210225','20210729','월수금오후2:30','기하 수학의 바이블/수력충전/쎈',70,'',0,'ADMIN','2021-03-30 22:38:15',NULL,NULL),(39,2021,'특강 고2 수1 선행 A','20210725','20210924','월수금오후4:30','고등수학상 수학의 바이블/수력충전',90,'',0,'ADMIN','2021-03-30 22:38:15',NULL,NULL),(40,2021,' 특강 고2 기하 선행 A','20210725','20210924','화목오후4:30/토오전11:00 ','고등수학 하 수학의 바이블/고쟁이/쎈/일품/블랙라벨',90,'',0,'ADMIN','2021-03-30 22:38:15',NULL,NULL),(41,2021,' 특강 고1 고등수학 상 선행 A','20210725','20210824','수금오후6:30/토오후2:00','수2 확률과 통계 수학의 바이블/고쟁이/쎈/일품/블랙라벨',70,'',0,'ADMIN','2021-03-30 22:38:15',NULL,NULL),(42,2021,'특강 고1 고등수학 하 심화 A','20210808','20210824','월수금오후8:30','풍산자필수유형중2-2/수력충전중2-2',80,'',0,'ADMIN','2021-03-30 22:38:15',NULL,NULL),(43,2021,'특강 고2 수2 / 확통 심화 A','20210805','20210824','화목오후6:30/ 토오전2:00 ',' 고3 수학의 바이블/수능특강/수능완성/쎈',90,'',0,'ADMIN','2021-03-30 22:38:15',NULL,NULL),(44,2021,'특강 중2-하 기본 A','20210725','20210824','화목오후8:30/ 토오전10:00 ','최상위중3-1/일품중3-1',80,'',0,'ADMIN','2021-03-30 22:38:15',NULL,NULL),(45,2021,'특강 고3 9월 모의고사 대비 A','20210730','20210824','월수금 오후4:30','풍산자필수유형중3-1/수력충전중3-1',90,'',0,'ADMIN','2021-03-30 22:38:15',NULL,NULL),(46,2021,' 2학기 중3 A','20210225','20210724','화목오후4:30/ 토오전11:00 ','고등수학 상 수학의 바이블/고쟁이/쎈/일품/블랙라벨',90,'',0,'ADMIN','2021-03-30 22:38:15',NULL,NULL),(47,2021,' 2학기 중3 B','20210226','20210724','수금오후6:30/토오후2:00','수1 기하 수학의 바이블/고쟁이/쎈/일품/블랙라벨',70,'',0,'ADMIN','2021-03-30 22:38:15',NULL,NULL),(48,2021,'2학기 고1 A','20210301','20210807','월수금오후8:30','풍산자필수유형중2-1/수력충전중2-1',80,'',0,'ADMIN','2021-03-30 22:38:15',NULL,NULL),(49,2021,'2학기 고2 A','20210302','20210804','화목오후6:30/ 토오전2:00 ',' 고3 수학의 바이블/수능특강/수능완성/쎈',90,'',0,'ADMIN','2021-03-30 22:38:15',NULL,NULL),(50,2021,'2학기 중2 A','20210226','20210724','화목오후8:30/ 토오전10:00 ','',90,'',0,'ADMIN','2021-03-30 22:38:15',NULL,NULL),(51,2021,'2학기 고3 A','20210225','20210729','','',90,'',0,'ADMIN','2021-03-30 22:38:15',NULL,NULL);
/*!40000 ALTER TABLE `class` ENABLE KEYS */;
UNLOCK TABLES;

--
-- Table structure for table `class_curriculum`
--

DROP TABLE IF EXISTS `class_curriculum`;
/*!40101 SET @saved_cs_client     = @@character_set_client */;
/*!50503 SET character_set_client = utf8mb4 */;
CREATE TABLE `class_curriculum` (
  `no` int(10) NOT NULL AUTO_INCREMENT,
  `class_no` int(10) NOT NULL COMMENT '클래스번호',
  `cur_id` int(10) NOT NULL COMMENT '컬리큘럼ID',
  `sdate` varchar(45) DEFAULT NULL COMMENT '커리큘럼 수업 시작일',
  `edate` varchar(45) DEFAULT NULL COMMENT '커리큘럼 수업 종료일',
  `dtime` varchar(45) DEFAULT NULL,
  `input_id` varchar(45) DEFAULT NULL,
  `input_date` datetime DEFAULT NULL,
  `update_id` varchar(45) DEFAULT NULL,
  `update_date` datetime DEFAULT NULL,
  PRIMARY KEY (`no`)
) ENGINE=InnoDB AUTO_INCREMENT=186 DEFAULT CHARSET=utf8mb4 COLLATE=utf8mb4_0900_ai_ci COMMENT='클래스&커리큘럼 매핑';
/*!40101 SET character_set_client = @saved_cs_client */;

--
-- Dumping data for table `class_curriculum`
--

LOCK TABLES `class_curriculum` WRITE;
/*!40000 ALTER TABLE `class_curriculum` DISABLE KEYS */;
INSERT INTO `class_curriculum` VALUES (1,33,23,'20210402','20210402','19:30 ~ 21:30','ADMIN','2021-04-02 00:17:41',NULL,NULL),(2,33,24,'20210404','20210404','19:30 ~ 21:30','ADMIN','2021-04-02 00:17:41',NULL,NULL),(3,33,25,'20210404','20210406','19:30 ~ 21:30','ADMIN','2021-04-02 00:17:41',NULL,NULL),(4,33,26,'20210406','20210408','19:30 ~ 21:30','ADMIN','2021-04-02 00:17:41',NULL,NULL),(5,33,27,'20210410','20210412','19:30 ~ 21:30','ADMIN','2021-04-02 00:17:41',NULL,NULL),(6,33,28,'20210414','20210418','19:30 ~ 21:30','ADMIN','2021-04-02 00:17:41',NULL,NULL),(7,33,29,'20210420','20210420','19:30 ~ 21:30','ADMIN','2021-04-02 00:17:41',NULL,NULL),(8,33,30,'20210422','20210422','19:30 ~ 21:30','ADMIN','2021-04-02 00:17:41',NULL,NULL),(9,33,31,'20210424','20210428','19:30 ~ 21:30','ADMIN','2021-04-02 00:17:41',NULL,NULL),(10,33,32,'20210428','20210428','19:30 ~ 21:30','ADMIN','2021-04-02 00:17:41',NULL,NULL),(11,33,33,'20210430','20210430','19:30 ~ 21:30','ADMIN','2021-04-02 00:17:41',NULL,NULL),(12,33,34,'20210431','20210431','19:30 ~ 21:30','ADMIN','2021-04-02 00:17:41',NULL,NULL),(13,34,23,'20210402','20210404','19:30 ~ 21:30','ADMIN','2021-04-02 00:19:55',NULL,NULL),(14,34,24,'20210404','20210406','19:30 ~ 21:30','ADMIN','2021-04-02 00:19:55',NULL,NULL),(15,34,25,'20210406','20210408','19:30 ~ 21:30','ADMIN','2021-04-02 00:19:55',NULL,NULL),(16,34,26,'20210408','20210410','19:30 ~ 21:30','ADMIN','2021-04-02 00:19:55',NULL,NULL),(17,34,27,'20210410','20210412','19:30 ~ 21:30','ADMIN','2021-04-02 00:19:55',NULL,NULL),(18,34,28,'20210412','20210414','19:30 ~ 21:30','ADMIN','2021-04-02 00:19:55',NULL,NULL),(19,34,29,'20210414','20210416','19:30 ~ 21:30','ADMIN','2021-04-02 00:19:55',NULL,NULL),(20,34,30,'20210416','20210418','19:30 ~ 21:30','ADMIN','2021-04-02 00:19:55',NULL,NULL),(21,34,31,'20210418','20210420','19:30 ~ 21:30','ADMIN','2021-04-02 00:19:55',NULL,NULL),(22,34,32,'20210420','20210422','19:30 ~ 21:30','ADMIN','2021-04-02 00:19:55',NULL,NULL),(23,34,33,'20210422','20210424','19:30 ~ 21:30','ADMIN','2021-04-02 00:19:55',NULL,NULL),(24,34,34,'20210424','20210426','19:30 ~ 21:30','ADMIN','2021-04-02 00:19:55',NULL,NULL),(25,34,104,'20210426','20210428','19:30 ~ 21:30','ADMIN','2021-04-02 00:19:55',NULL,NULL),(26,46,35,'20210402','20210404','19:30 ~ 21:30','ADMIN','2021-04-02 00:21:46',NULL,NULL),(27,46,36,'20210404','20210406','19:30 ~ 21:30','ADMIN','2021-04-02 00:21:46',NULL,NULL),(28,46,37,'20210406','20210408','19:30 ~ 21:30','ADMIN','2021-04-02 00:21:46',NULL,NULL),(29,46,38,'20210408','20210410','19:30 ~ 21:30','ADMIN','2021-04-02 00:21:46',NULL,NULL),(30,46,39,'20210410','20210412','19:30 ~ 21:30','ADMIN','2021-04-02 00:21:46',NULL,NULL),(31,46,40,'20210412','20210414','19:30 ~ 21:30','ADMIN','2021-04-02 00:21:46',NULL,NULL),(32,46,41,'20210414','20210416','19:30 ~ 21:30','ADMIN','2021-04-02 00:21:46',NULL,NULL),(33,46,104,'20210416','20210418','19:30 ~ 21:30','ADMIN','2021-04-02 00:21:46',NULL,NULL),(34,47,35,'20210402','20210404','19:30 ~ 21:30','ADMIN','2021-04-02 00:22:27',NULL,NULL),(35,47,36,'20210404','20210406','19:30 ~ 21:30','ADMIN','2021-04-02 00:22:27',NULL,NULL),(36,47,37,'20210406','20210408','19:30 ~ 21:30','ADMIN','2021-04-02 00:22:27',NULL,NULL),(37,47,38,'20210408','20210410','19:30 ~ 21:30','ADMIN','2021-04-02 00:22:27',NULL,NULL),(38,47,39,'20210410','20210412','19:30 ~ 21:30','ADMIN','2021-04-02 00:22:27',NULL,NULL),(39,47,40,'20210412','20210414','19:30 ~ 21:30','ADMIN','2021-04-02 00:22:27',NULL,NULL),(40,47,41,'20210414','20210416','19:30 ~ 21:30','ADMIN','2021-04-02 00:22:27',NULL,NULL),(48,41,42,'20210402','20210404','19:30 ~ 21:30','ADMIN','2021-04-02 00:26:48',NULL,NULL),(49,41,43,'20210404','20210406','19:30 ~ 21:30','ADMIN','2021-04-02 00:26:48',NULL,NULL),(50,41,44,'20210406','20210408','19:30 ~ 21:30','ADMIN','2021-04-02 00:26:48',NULL,NULL),(51,41,45,'20210408','20210410','19:30 ~ 21:30','ADMIN','2021-04-02 00:26:48',NULL,NULL),(52,41,46,'20210410','20210412','19:30 ~ 21:30','ADMIN','2021-04-02 00:26:48',NULL,NULL),(53,41,47,'20210412','20210414','19:30 ~ 21:30','ADMIN','2021-04-02 00:26:48',NULL,NULL),(54,41,48,'20210414','20210416','19:30 ~ 21:30','ADMIN','2021-04-02 00:26:48',NULL,NULL),(55,41,49,'20210416','20210418','19:30 ~ 21:30','ADMIN','2021-04-02 00:26:48',NULL,NULL),(56,41,50,'20210418','20210420','19:30 ~ 21:30','ADMIN','2021-04-02 00:26:48',NULL,NULL),(57,41,51,'20210420','20210422','19:30 ~ 21:30','ADMIN','2021-04-02 00:26:48',NULL,NULL),(58,41,52,'20210422','20210424','19:30 ~ 21:30','ADMIN','2021-04-02 00:26:48',NULL,NULL),(59,40,86,'20210402','20210404','19:30 ~ 21:30','ADMIN','2021-04-02 00:28:23',NULL,NULL),(60,40,87,'20210404','20210406','19:30 ~ 21:30','ADMIN','2021-04-02 00:28:23',NULL,NULL),(61,40,88,'20210406','20210408','19:30 ~ 21:30','ADMIN','2021-04-02 00:28:23',NULL,NULL),(62,40,89,'20210408','20210410','19:30 ~ 21:30','ADMIN','2021-04-02 00:28:23',NULL,NULL),(63,40,90,'20210410','20210412','19:30 ~ 21:30','ADMIN','2021-04-02 00:28:23',NULL,NULL),(64,40,91,'20210412','20210414','19:30 ~ 21:30','ADMIN','2021-04-02 00:28:23',NULL,NULL),(65,35,42,'20210402','20210404','19:30 ~ 21:30','ADMIN','2021-04-02 00:31:01',NULL,NULL),(66,35,43,'20210404','20210406','19:30 ~ 21:30','ADMIN','2021-04-02 00:31:01',NULL,NULL),(67,35,44,'20210406','20210408','19:30 ~ 21:30','ADMIN','2021-04-02 00:31:01',NULL,NULL),(68,35,45,'20210408','20210410','19:30 ~ 21:30','ADMIN','2021-04-02 00:31:01',NULL,NULL),(69,35,46,'20210410','20210412','19:30 ~ 21:30','ADMIN','2021-04-02 00:31:01',NULL,NULL),(70,35,47,'20210412','20210414','19:30 ~ 21:30','ADMIN','2021-04-02 00:31:01',NULL,NULL),(71,35,48,'20210414','20210416','19:30 ~ 21:30','ADMIN','2021-04-02 00:31:01',NULL,NULL),(72,35,49,'20210416','20210418','19:30 ~ 21:30','ADMIN','2021-04-02 00:31:01',NULL,NULL),(73,35,50,'20210418','20210420','19:30 ~ 21:30','ADMIN','2021-04-02 00:31:01',NULL,NULL),(74,35,51,'20210420','20210422','19:30 ~ 21:30','ADMIN','2021-04-02 00:31:01',NULL,NULL),(75,35,52,'20210422','20210424','19:30 ~ 21:30','ADMIN','2021-04-02 00:31:01',NULL,NULL),(76,36,60,'20210402','20210404','19:30 ~ 21:30','ADMIN','2021-04-02 00:32:06',NULL,NULL),(77,36,61,'20210404','20210406','19:30 ~ 21:30','ADMIN','2021-04-02 00:32:06',NULL,NULL),(78,36,62,'20210406','20210408','19:30 ~ 21:30','ADMIN','2021-04-02 00:32:06',NULL,NULL),(79,36,63,'20210408','20210410','19:30 ~ 21:30','ADMIN','2021-04-02 00:32:06',NULL,NULL),(80,36,64,'20210410','20210412','19:30 ~ 21:30','ADMIN','2021-04-02 00:32:06',NULL,NULL),(81,36,65,'20210412','20210414','19:30 ~ 21:30','ADMIN','2021-04-02 00:32:06',NULL,NULL),(82,36,66,'20210414','20210416','19:30 ~ 21:30','ADMIN','2021-04-02 00:32:06',NULL,NULL),(83,36,67,'20210416','20210418','19:30 ~ 21:30','ADMIN','2021-04-02 00:32:07',NULL,NULL),(84,36,68,'20210418','20210420','19:30 ~ 21:30','ADMIN','2021-04-02 00:32:07',NULL,NULL),(85,36,69,'20210420','20210422','19:30 ~ 21:30','ADMIN','2021-04-02 00:32:07',NULL,NULL),(86,38,92,'20210402','20210404','19:30 ~ 21:30','ADMIN','2021-04-02 00:33:10',NULL,NULL),(87,38,93,'20210404','20210406','19:30 ~ 21:30','ADMIN','2021-04-02 00:33:10',NULL,NULL),(88,38,94,'20210406','20210408','19:30 ~ 21:30','ADMIN','2021-04-02 00:33:10',NULL,NULL),(89,38,95,'20210408','20210410','19:30 ~ 21:30','ADMIN','2021-04-02 00:33:10',NULL,NULL),(90,38,96,'20210410','20210412','19:30 ~ 21:30','ADMIN','2021-04-02 00:33:10',NULL,NULL),(91,38,97,'20210412','20210414','19:30 ~ 21:30','ADMIN','2021-04-02 00:33:10',NULL,NULL),(92,38,98,'20210414','20210416','19:30 ~ 21:30','ADMIN','2021-04-02 00:33:10',NULL,NULL),(93,38,99,'20210416','20210418','19:30 ~ 21:30','ADMIN','2021-04-02 00:33:10',NULL,NULL),(94,38,100,'20210418','20210420','19:30 ~ 21:30','ADMIN','2021-04-02 00:33:10',NULL,NULL),(95,38,101,'20210420','20210422','19:30 ~ 21:30','ADMIN','2021-04-02 00:33:10',NULL,NULL),(96,37,1,'20210402','20210404','19:30 ~ 21:30','ADMIN','2021-04-02 00:35:02',NULL,NULL),(97,37,2,'20210404','20210406','19:30 ~ 21:30','ADMIN','2021-04-02 00:35:02',NULL,NULL),(98,37,3,'20210406','20210408','19:30 ~ 21:30','ADMIN','2021-04-02 00:35:02',NULL,NULL),(99,37,4,'20210408','20210410','19:30 ~ 21:30','ADMIN','2021-04-02 00:35:02',NULL,NULL),(100,37,5,'20210410','20210412','19:30 ~ 21:30','ADMIN','2021-04-02 00:35:02',NULL,NULL),(101,37,6,'20210412','20210414','19:30 ~ 21:30','ADMIN','2021-04-02 00:35:02',NULL,NULL),(102,37,7,'20210414','20210416','19:30 ~ 21:30','ADMIN','2021-04-02 00:35:02',NULL,NULL),(103,37,8,'20210416','20210418','19:30 ~ 21:30','ADMIN','2021-04-02 00:35:02',NULL,NULL),(104,37,9,'20210418','20210420','19:30 ~ 21:30','ADMIN','2021-04-02 00:35:02',NULL,NULL),(105,37,10,'20210420','20210422','19:30 ~ 21:30','ADMIN','2021-04-02 00:35:02',NULL,NULL),(106,37,11,'20210422','20210424','19:30 ~ 21:30','ADMIN','2021-04-02 00:35:02',NULL,NULL),(107,48,53,'20210402','20210404','19:30 ~ 21:30','ADMIN','2021-04-02 00:35:56',NULL,NULL),(114,48,54,'20210404','20210406','19:30 ~ 21:30','ADMIN','2021-04-02 00:37:21',NULL,NULL),(115,48,55,'20210406','20210408','19:30 ~ 21:30','ADMIN','2021-04-02 00:37:21',NULL,NULL),(116,48,56,'20210408','20210410','19:30 ~ 21:30','ADMIN','2021-04-02 00:37:21',NULL,NULL),(117,48,57,'20210410','20210412','19:30 ~ 21:30','ADMIN','2021-04-02 00:37:21',NULL,NULL),(118,48,58,'20210412','20210414','19:30 ~ 21:30','ADMIN','2021-04-02 00:37:21',NULL,NULL),(119,48,59,'20210414','20210416','19:30 ~ 21:30','ADMIN','2021-04-02 00:37:21',NULL,NULL),(120,49,70,'20210402','20210404','19:30 ~ 21:30','ADMIN','2021-04-02 00:38:44',NULL,NULL),(121,49,71,'20210404','20210406','19:30 ~ 21:30','ADMIN','2021-04-02 00:38:44',NULL,NULL),(122,49,72,'20210406','20210408','19:30 ~ 21:30','ADMIN','2021-04-02 00:38:44',NULL,NULL),(123,49,73,'20210408','20210410','19:30 ~ 21:30','ADMIN','2021-04-02 00:38:44',NULL,NULL),(124,49,74,'20210410','20210412','19:30 ~ 21:30','ADMIN','2021-04-02 00:38:44',NULL,NULL),(125,49,75,'20210412','20210414','19:30 ~ 21:30','ADMIN','2021-04-02 00:38:44',NULL,NULL),(126,49,76,'20210414','20210416','19:30 ~ 21:30','ADMIN','2021-04-02 00:38:44',NULL,NULL),(127,49,77,'20210416','20210418','19:30 ~ 21:30','ADMIN','2021-04-02 00:38:44',NULL,NULL),(128,49,78,'20210418','20210420','19:30 ~ 21:30','ADMIN','2021-04-02 00:38:44',NULL,NULL),(129,51,96,'20210402','20210404','19:30 ~ 21:30','ADMIN','2021-04-02 00:40:21',NULL,NULL),(130,51,97,'20210404','20210406','19:30 ~ 21:30','ADMIN','2021-04-02 00:40:21',NULL,NULL),(131,51,98,'20210406','20210408','19:30 ~ 21:30','ADMIN','2021-04-02 00:40:21',NULL,NULL),(132,51,99,'20210408','20210410','19:30 ~ 21:30','ADMIN','2021-04-02 00:40:21',NULL,NULL),(133,51,100,'20210410','20210412','19:30 ~ 21:30','ADMIN','2021-04-02 00:40:21',NULL,NULL),(134,51,101,'20210412','20210414','19:30 ~ 21:30','ADMIN','2021-04-02 00:40:21',NULL,NULL),(135,51,102,'20210414','20210416','19:30 ~ 21:30','ADMIN','2021-04-02 00:40:21',NULL,NULL),(136,51,103,'20210416','20210418','19:30 ~ 21:30','ADMIN','2021-04-02 00:40:21',NULL,NULL),(137,50,12,'20210402','20210404','19:30 ~ 21:30','ADMIN','2021-04-02 00:41:26',NULL,NULL),(138,50,13,'20210404','20210406','19:30 ~ 21:30','ADMIN','2021-04-02 00:41:26',NULL,NULL),(139,50,14,'20210406','20210408','19:30 ~ 21:30','ADMIN','2021-04-02 00:41:27',NULL,NULL),(140,50,15,'20210408','20210410','19:30 ~ 21:30','ADMIN','2021-04-02 00:41:27',NULL,NULL),(141,50,16,'20210410','20210412','19:30 ~ 21:30','ADMIN','2021-04-02 00:41:27',NULL,NULL),(142,50,17,'20210412','20210414','19:30 ~ 21:30','ADMIN','2021-04-02 00:41:27',NULL,NULL),(143,50,18,'20210414','20210416','19:30 ~ 21:30','ADMIN','2021-04-02 00:41:27',NULL,NULL),(144,50,19,'20210416','20210418','19:30 ~ 21:30','ADMIN','2021-04-02 00:41:27',NULL,NULL),(145,50,20,'20210418','20210420','19:30 ~ 21:30','ADMIN','2021-04-02 00:41:27',NULL,NULL),(146,50,21,'20210420','20210422','19:30 ~ 21:30','ADMIN','2021-04-02 00:41:27',NULL,NULL),(147,50,22,'20210422','20210424','19:30 ~ 21:30','ADMIN','2021-04-02 00:41:27',NULL,NULL),(148,42,53,'20210402','20210404','19:30 ~ 21:30','ADMIN','2021-04-02 00:42:39',NULL,NULL),(149,42,54,'20210404','20210406','19:30 ~ 21:30','ADMIN','2021-04-02 00:42:39',NULL,NULL),(150,42,55,'20210406','20210408','19:30 ~ 21:30','ADMIN','2021-04-02 00:42:39',NULL,NULL),(151,42,56,'20210408','20210410','19:30 ~ 21:30','ADMIN','2021-04-02 00:42:39',NULL,NULL),(152,42,57,'20210410','20210412','19:30 ~ 21:30','ADMIN','2021-04-02 00:42:39',NULL,NULL),(153,42,58,'20210412','20210414','19:30 ~ 21:30','ADMIN','2021-04-02 00:42:39',NULL,NULL),(154,42,59,'20210414','20210416','19:30 ~ 21:30','ADMIN','2021-04-02 00:42:39',NULL,NULL),(155,39,60,'20210402','20210404','19:30 ~ 21:30','ADMIN','2021-04-02 00:43:39',NULL,NULL),(156,39,61,'20210404','20210406','19:30 ~ 21:30','ADMIN','2021-04-02 00:43:39',NULL,NULL),(157,39,62,'20210406','20210408','19:30 ~ 21:30','ADMIN','2021-04-02 00:43:39',NULL,NULL),(158,39,63,'20210408','20210410','19:30 ~ 21:30','ADMIN','2021-04-02 00:43:39',NULL,NULL),(159,39,64,'20210410','20210412','19:30 ~ 21:30','ADMIN','2021-04-02 00:43:39',NULL,NULL),(160,39,65,'20210412','20210414','19:30 ~ 21:30','ADMIN','2021-04-02 00:43:39',NULL,NULL),(161,39,66,'20210414','20210416','19:30 ~ 21:30','ADMIN','2021-04-02 00:43:39',NULL,NULL),(162,39,67,'20210416','20210418','19:30 ~ 21:30','ADMIN','2021-04-02 00:43:39',NULL,NULL),(163,39,68,'20210418','20210420','19:30 ~ 21:30','ADMIN','2021-04-02 00:43:39',NULL,NULL),(164,39,69,'20210420','20210422','19:30 ~ 21:30','ADMIN','2021-04-02 00:43:39',NULL,NULL),(165,43,79,'20210402','20210404','19:30 ~ 21:30','ADMIN','2021-04-02 00:44:56',NULL,NULL),(166,43,80,'20210404','20210406','19:30 ~ 21:30','ADMIN','2021-04-02 00:44:56',NULL,NULL),(167,43,81,'20210406','20210408','19:30 ~ 21:30','ADMIN','2021-04-02 00:44:56',NULL,NULL),(168,43,82,'20210408','20210410','19:30 ~ 21:30','ADMIN','2021-04-02 00:44:56',NULL,NULL),(169,43,83,'20210410','20210412','19:30 ~ 21:30','ADMIN','2021-04-02 00:44:56',NULL,NULL),(170,43,84,'20210412','20210414','19:30 ~ 21:30','ADMIN','2021-04-02 00:44:56',NULL,NULL),(171,43,85,'20210414','20210416','19:30 ~ 21:30','ADMIN','2021-04-02 00:44:56',NULL,NULL),(172,45,102,'20210402','20210431','19:30 ~ 21:30','ADMIN','2021-04-02 00:45:49',NULL,NULL),(173,45,103,'20210402','20210431','19:30 ~ 21:30','ADMIN','2021-04-02 00:45:49',NULL,NULL),(174,44,12,'20210402','20210404','19:30 ~ 21:30','ADMIN','2021-04-02 00:48:05',NULL,NULL),(175,44,13,'20210404','20210406','19:30 ~ 21:30','ADMIN','2021-04-02 00:48:05',NULL,NULL),(176,44,14,'20210406','20210408','19:30 ~ 21:30','ADMIN','2021-04-02 00:48:05',NULL,NULL),(177,44,15,'20210408','20210410','19:30 ~ 21:30','ADMIN','2021-04-02 00:48:05',NULL,NULL),(178,44,16,'20210410','20210412','19:30 ~ 21:30','ADMIN','2021-04-02 00:48:05',NULL,NULL),(179,44,17,'20210412','20210414','19:30 ~ 21:30','ADMIN','2021-04-02 00:48:05',NULL,NULL),(180,44,18,'20210414','20210416','19:30 ~ 21:30','ADMIN','2021-04-02 00:48:05',NULL,NULL),(181,44,19,'20210416','20210418','19:30 ~ 21:30','ADMIN','2021-04-02 00:48:05',NULL,NULL),(182,44,20,'20210418','20210420','19:30 ~ 21:30','ADMIN','2021-04-02 00:48:05',NULL,NULL),(183,44,21,'20210420','20210422','19:30 ~ 21:30','ADMIN','2021-04-02 00:48:05',NULL,NULL),(184,44,22,'20210422','20210424','19:30 ~ 21:30','ADMIN','2021-04-02 00:48:05',NULL,NULL),(185,44,104,'20210424','20210426','19:30 ~ 21:30','ADMIN','2021-04-02 00:48:05',NULL,NULL);
/*!40000 ALTER TABLE `class_curriculum` ENABLE KEYS */;
UNLOCK TABLES;

--
-- Table structure for table `class_members`
--

DROP TABLE IF EXISTS `class_members`;
/*!40101 SET @saved_cs_client     = @@character_set_client */;
/*!50503 SET character_set_client = utf8mb4 */;
CREATE TABLE `class_members` (
  `class_no` int(10) NOT NULL,
  `member_type` int(1) NOT NULL COMMENT '0:담임교사/1:학생/2:교사/3:코디/4:관리자,원장',
  `members` varchar(45) NOT NULL COMMENT 'student_no 그외 user_id',
  `status` int(1) DEFAULT NULL COMMENT 'drop 여부',
  `input_id` varchar(45) NOT NULL,
  `input_date` datetime NOT NULL,
  `update_id` varchar(45) DEFAULT NULL,
  `update_date` datetime DEFAULT NULL,
  PRIMARY KEY (`class_no`,`members`)
) ENGINE=InnoDB DEFAULT CHARSET=utf8 COMMENT='클래스&학생 매핑정보';
/*!40101 SET character_set_client = @saved_cs_client */;

--
-- Dumping data for table `class_members`
--

LOCK TABLES `class_members` WRITE;
/*!40000 ALTER TABLE `class_members` DISABLE KEYS */;
INSERT INTO `class_members` VALUES (33,0,'1',NULL,'ADMIN','2021-04-02 02:47:08',NULL,NULL),(33,0,'2',NULL,'ADMIN','2021-04-02 02:47:08',NULL,NULL),(33,0,'3',NULL,'ADMIN','2021-04-02 02:47:08',NULL,NULL),(33,0,'4',NULL,'ADMIN','2021-04-02 02:47:08',NULL,NULL),(33,4,'admin',NULL,'ADMIN','2021-04-02 02:47:08',NULL,NULL),(33,2,'haaim01',NULL,'ADMIN','2021-04-02 02:47:08',NULL,NULL),(33,1,'haaim11',NULL,'ADMIN','2021-04-02 02:47:08',NULL,NULL),(33,1,'haaim12',NULL,'ADMIN','2021-04-02 02:47:08',NULL,NULL),(33,1,'haaim13',NULL,'ADMIN','2021-04-02 02:47:08',NULL,NULL),(33,3,'master',NULL,'ADMIN','2021-04-02 02:47:08',NULL,NULL),(34,0,'5',NULL,'ADMIN','2021-04-02 02:47:08',NULL,NULL),(34,0,'6',NULL,'ADMIN','2021-04-02 02:47:08',NULL,NULL),(34,0,'7',NULL,'ADMIN','2021-04-02 02:47:08',NULL,NULL),(34,0,'8',NULL,'ADMIN','2021-04-02 02:47:08',NULL,NULL),(34,4,'admin',NULL,'ADMIN','2021-04-02 02:47:08',NULL,NULL),(34,2,'haaim02',NULL,'ADMIN','2021-04-02 02:47:08',NULL,NULL),(34,1,'haaim11',NULL,'ADMIN','2021-04-02 02:47:08',NULL,NULL),(34,1,'haaim12',NULL,'ADMIN','2021-04-02 02:47:08',NULL,NULL),(34,1,'haaim13',NULL,'ADMIN','2021-04-02 02:47:08',NULL,NULL),(34,3,'master',NULL,'ADMIN','2021-04-02 02:47:08',NULL,NULL),(35,0,'1',NULL,'ADMIN','2021-04-02 02:48:54',NULL,NULL),(35,0,'4',NULL,'ADMIN','2021-04-02 02:48:54',NULL,NULL),(35,0,'7',NULL,'ADMIN','2021-04-02 02:48:54',NULL,NULL),(35,4,'admin',NULL,'ADMIN','2021-04-02 02:48:54',NULL,NULL),(35,2,'haaim03',NULL,'ADMIN','2021-04-02 02:48:54',NULL,NULL),(35,1,'haaim11',NULL,'ADMIN','2021-04-02 02:48:54',NULL,NULL),(35,1,'haaim12',NULL,'ADMIN','2021-04-02 02:48:54',NULL,NULL),(35,1,'haaim13',NULL,'ADMIN','2021-04-02 02:48:54',NULL,NULL),(35,3,'master',NULL,'ADMIN','2021-04-02 02:48:54',NULL,NULL),(36,0,'2',NULL,'ADMIN','2021-04-02 02:49:47',NULL,NULL),(36,0,'3',NULL,'ADMIN','2021-04-02 02:49:47',NULL,NULL),(36,0,'5',NULL,'ADMIN','2021-04-02 02:49:47',NULL,NULL),(36,4,'admin',NULL,'ADMIN','2021-04-02 02:49:47',NULL,NULL),(36,2,'haaim04',NULL,'ADMIN','2021-04-02 02:49:47',NULL,NULL),(36,1,'haaim11',NULL,'ADMIN','2021-04-02 02:49:47',NULL,NULL),(36,1,'haaim12',NULL,'ADMIN','2021-04-02 02:49:47',NULL,NULL),(36,1,'haaim13',NULL,'ADMIN','2021-04-02 02:49:47',NULL,NULL),(36,3,'master',NULL,'ADMIN','2021-04-02 02:49:47',NULL,NULL),(37,0,'1',NULL,'ADMIN','2021-04-02 02:50:43',NULL,NULL),(37,0,'2',NULL,'ADMIN','2021-04-02 02:50:43',NULL,NULL),(37,0,'8',NULL,'ADMIN','2021-04-02 02:50:43',NULL,NULL),(37,4,'admin',NULL,'ADMIN','2021-04-02 02:50:43',NULL,NULL),(37,2,'haaim01',NULL,'ADMIN','2021-04-02 02:50:43',NULL,NULL),(37,1,'haaim11',NULL,'ADMIN','2021-04-02 02:50:43',NULL,NULL),(37,1,'haaim12',NULL,'ADMIN','2021-04-02 02:50:43',NULL,NULL),(37,1,'haaim13',NULL,'ADMIN','2021-04-02 02:50:43',NULL,NULL),(37,3,'master',NULL,'ADMIN','2021-04-02 02:50:43',NULL,NULL),(38,0,'7',NULL,'ADMIN','2021-04-02 02:51:44',NULL,NULL),(38,0,'8',NULL,'ADMIN','2021-04-02 02:51:44',NULL,NULL),(38,4,'admin',NULL,'ADMIN','2021-04-02 02:51:44',NULL,NULL),(38,2,'haaim04',NULL,'ADMIN','2021-04-02 02:51:44',NULL,NULL),(38,1,'haaim11',NULL,'ADMIN','2021-04-02 02:51:44',NULL,NULL),(38,1,'haaim12',NULL,'ADMIN','2021-04-02 02:51:44',NULL,NULL),(38,1,'haaim13',NULL,'ADMIN','2021-04-02 02:51:44',NULL,NULL),(38,3,'master',NULL,'ADMIN','2021-04-02 02:51:44',NULL,NULL),(39,0,'3',NULL,'ADMIN','2021-04-02 02:52:49',NULL,NULL),(39,0,'4',NULL,'ADMIN','2021-04-02 02:52:49',NULL,NULL),(39,0,'5',NULL,'ADMIN','2021-04-02 02:52:49',NULL,NULL),(39,4,'admin',NULL,'ADMIN','2021-04-02 02:52:49',NULL,NULL),(39,2,'haaim02',NULL,'ADMIN','2021-04-02 02:52:49',NULL,NULL),(39,1,'haaim11',NULL,'ADMIN','2021-04-02 02:52:49',NULL,NULL),(39,1,'haaim12',NULL,'ADMIN','2021-04-02 02:52:49',NULL,NULL),(39,1,'haaim13',NULL,'ADMIN','2021-04-02 02:52:49',NULL,NULL),(39,3,'master',NULL,'ADMIN','2021-04-02 02:52:49',NULL,NULL),(40,0,'5',NULL,'ADMIN','2021-04-02 02:54:00',NULL,NULL),(40,0,'7',NULL,'ADMIN','2021-04-02 02:54:00',NULL,NULL),(40,0,'8',NULL,'ADMIN','2021-04-02 02:54:00',NULL,NULL),(40,4,'admin',NULL,'ADMIN','2021-04-02 02:54:00',NULL,NULL),(40,2,'haaim03',NULL,'ADMIN','2021-04-02 02:54:00',NULL,NULL),(40,1,'haaim11',NULL,'ADMIN','2021-04-02 02:54:00',NULL,NULL),(40,1,'haaim12',NULL,'ADMIN','2021-04-02 02:54:00',NULL,NULL),(40,1,'haaim13',NULL,'ADMIN','2021-04-02 02:54:00',NULL,NULL),(40,3,'master',NULL,'ADMIN','2021-04-02 02:54:00',NULL,NULL),(41,0,'7',NULL,'ADMIN','2021-04-02 03:00:01',NULL,NULL),(41,0,'8',NULL,'ADMIN','2021-04-02 03:00:01',NULL,NULL),(41,4,'admin',NULL,'ADMIN','2021-04-02 03:00:01',NULL,NULL),(41,2,'haaim04',NULL,'ADMIN','2021-04-02 03:00:01',NULL,NULL),(41,1,'haaim11',NULL,'ADMIN','2021-04-02 03:00:01',NULL,NULL),(41,1,'haaim12',NULL,'ADMIN','2021-04-02 03:00:01',NULL,NULL),(41,1,'haaim13',NULL,'ADMIN','2021-04-02 03:00:01',NULL,NULL),(41,3,'master',NULL,'ADMIN','2021-04-02 03:00:01',NULL,NULL),(42,0,'3',NULL,'ADMIN','2021-04-02 03:00:54',NULL,NULL),(42,0,'4',NULL,'ADMIN','2021-04-02 03:00:54',NULL,NULL),(42,4,'admin',NULL,'ADMIN','2021-04-02 03:00:54',NULL,NULL),(42,2,'haaim01',NULL,'ADMIN','2021-04-02 03:00:54',NULL,NULL),(42,1,'haaim11',NULL,'ADMIN','2021-04-02 03:00:54',NULL,NULL),(42,1,'haaim12',NULL,'ADMIN','2021-04-02 03:00:54',NULL,NULL),(42,1,'haaim13',NULL,'ADMIN','2021-04-02 03:00:54',NULL,NULL),(42,3,'master',NULL,'ADMIN','2021-04-02 03:00:54',NULL,NULL),(43,0,'6',NULL,'ADMIN','2021-04-02 03:01:51',NULL,NULL),(43,0,'7',NULL,'ADMIN','2021-04-02 03:01:51',NULL,NULL),(43,0,'8',NULL,'ADMIN','2021-04-02 03:01:51',NULL,NULL),(43,4,'admin',NULL,'ADMIN','2021-04-02 03:01:51',NULL,NULL),(43,2,'haaim02',NULL,'ADMIN','2021-04-02 03:01:51',NULL,NULL),(43,1,'haaim11',NULL,'ADMIN','2021-04-02 03:01:51',NULL,NULL),(43,1,'haaim12',NULL,'ADMIN','2021-04-02 03:01:51',NULL,NULL),(43,1,'haaim13',NULL,'ADMIN','2021-04-02 03:01:51',NULL,NULL),(43,3,'master',NULL,'ADMIN','2021-04-02 03:01:51',NULL,NULL),(44,0,'1',NULL,'ADMIN','2021-04-02 03:02:33',NULL,NULL),(44,0,'3',NULL,'ADMIN','2021-04-02 03:02:33',NULL,NULL),(44,0,'5',NULL,'ADMIN','2021-04-02 03:02:33',NULL,NULL),(44,0,'7',NULL,'ADMIN','2021-04-02 03:02:33',NULL,NULL),(44,4,'admin',NULL,'ADMIN','2021-04-02 03:02:34',NULL,NULL),(44,2,'haaim03',NULL,'ADMIN','2021-04-02 03:02:34',NULL,NULL),(44,1,'haaim11',NULL,'ADMIN','2021-04-02 03:02:34',NULL,NULL),(44,1,'haaim12',NULL,'ADMIN','2021-04-02 03:02:34',NULL,NULL),(44,1,'haaim13',NULL,'ADMIN','2021-04-02 03:02:34',NULL,NULL),(44,3,'master',NULL,'ADMIN','2021-04-02 03:02:34',NULL,NULL),(45,0,'2',NULL,'ADMIN','2021-04-02 03:03:21',NULL,NULL),(45,0,'4',NULL,'ADMIN','2021-04-02 03:03:21',NULL,NULL),(45,0,'6',NULL,'ADMIN','2021-04-02 03:03:21',NULL,NULL),(45,0,'8',NULL,'ADMIN','2021-04-02 03:03:21',NULL,NULL),(45,4,'admin',NULL,'ADMIN','2021-04-02 03:03:21',NULL,NULL),(45,2,'haaim04',NULL,'ADMIN','2021-04-02 03:03:21',NULL,NULL),(45,1,'haaim11',NULL,'ADMIN','2021-04-02 03:03:21',NULL,NULL),(45,1,'haaim12',NULL,'ADMIN','2021-04-02 03:03:21',NULL,NULL),(45,1,'haaim13',NULL,'ADMIN','2021-04-02 03:03:21',NULL,NULL),(45,3,'master',NULL,'ADMIN','2021-04-02 03:03:21',NULL,NULL),(46,0,'3',NULL,'ADMIN','2021-04-02 03:04:06',NULL,NULL),(46,0,'4',NULL,'ADMIN','2021-04-02 03:04:06',NULL,NULL),(46,0,'7',NULL,'ADMIN','2021-04-02 03:04:06',NULL,NULL),(46,0,'8',NULL,'ADMIN','2021-04-02 03:04:06',NULL,NULL),(46,4,'admin',NULL,'ADMIN','2021-04-02 03:04:06',NULL,NULL),(46,2,'haaim01',NULL,'ADMIN','2021-04-02 03:04:06',NULL,NULL),(46,1,'haaim11',NULL,'ADMIN','2021-04-02 03:04:06',NULL,NULL),(46,1,'haaim12',NULL,'ADMIN','2021-04-02 03:04:06',NULL,NULL),(46,1,'haaim13',NULL,'ADMIN','2021-04-02 03:04:06',NULL,NULL),(46,3,'master',NULL,'ADMIN','2021-04-02 03:04:06',NULL,NULL),(47,0,'2',NULL,'ADMIN','2021-04-02 03:04:48',NULL,NULL),(47,0,'3',NULL,'ADMIN','2021-04-02 03:04:48',NULL,NULL),(47,4,'admin',NULL,'ADMIN','2021-04-02 03:04:48',NULL,NULL),(47,2,'haaim01',NULL,'ADMIN','2021-04-02 03:04:48',NULL,NULL),(47,1,'haaim11',NULL,'ADMIN','2021-04-02 03:04:48',NULL,NULL),(47,1,'haaim12',NULL,'ADMIN','2021-04-02 03:04:48',NULL,NULL),(47,1,'haaim13',NULL,'ADMIN','2021-04-02 03:04:48',NULL,NULL),(47,3,'master',NULL,'ADMIN','2021-04-02 03:04:48',NULL,NULL),(48,0,'1',NULL,'ADMIN','2021-04-02 03:05:31',NULL,NULL),(48,0,'2',NULL,'ADMIN','2021-04-02 03:05:31',NULL,NULL),(48,0,'3',NULL,'ADMIN','2021-04-02 03:05:31',NULL,NULL),(48,4,'admin',NULL,'ADMIN','2021-04-02 03:05:31',NULL,NULL),(48,2,'haaim02',NULL,'ADMIN','2021-04-02 03:05:31',NULL,NULL),(48,1,'haaim11',NULL,'ADMIN','2021-04-02 03:05:31',NULL,NULL),(48,1,'haaim12',NULL,'ADMIN','2021-04-02 03:05:31',NULL,NULL),(48,1,'haaim13',NULL,'ADMIN','2021-04-02 03:05:31',NULL,NULL),(48,3,'master',NULL,'ADMIN','2021-04-02 03:05:31',NULL,NULL),(49,0,'3',NULL,'ADMIN','2021-04-02 03:06:47',NULL,NULL),(49,0,'4',NULL,'ADMIN','2021-04-02 03:06:47',NULL,NULL),(49,0,'5',NULL,'ADMIN','2021-04-02 03:06:47',NULL,NULL),(49,4,'admin',NULL,'ADMIN','2021-04-02 03:06:47',NULL,NULL),(49,2,'haaim01',NULL,'ADMIN','2021-04-02 03:06:47',NULL,NULL),(49,1,'haaim11',NULL,'ADMIN','2021-04-02 03:06:47',NULL,NULL),(49,1,'haaim12',NULL,'ADMIN','2021-04-02 03:06:47',NULL,NULL),(49,1,'haaim13',NULL,'ADMIN','2021-04-02 03:06:47',NULL,NULL),(49,3,'master',NULL,'ADMIN','2021-04-02 03:06:47',NULL,NULL),(50,0,'1',NULL,'ADMIN','2021-04-02 03:07:36',NULL,NULL),(50,0,'2',NULL,'ADMIN','2021-04-02 03:07:36',NULL,NULL),(50,0,'3',NULL,'ADMIN','2021-04-02 03:07:36',NULL,NULL),(50,0,'6',NULL,'ADMIN','2021-04-02 03:07:36',NULL,NULL),(50,0,'7',NULL,'ADMIN','2021-04-02 03:07:36',NULL,NULL),(50,4,'admin',NULL,'ADMIN','2021-04-02 03:07:36',NULL,NULL),(50,2,'haaim03',NULL,'ADMIN','2021-04-02 03:07:36',NULL,NULL),(50,1,'haaim11',NULL,'ADMIN','2021-04-02 03:07:36',NULL,NULL),(50,1,'haaim12',NULL,'ADMIN','2021-04-02 03:07:36',NULL,NULL),(50,1,'haaim13',NULL,'ADMIN','2021-04-02 03:07:36',NULL,NULL),(50,3,'master',NULL,'ADMIN','2021-04-02 03:07:36',NULL,NULL),(51,0,'1',NULL,'ADMIN','2021-04-02 03:08:26',NULL,NULL),(51,0,'7',NULL,'ADMIN','2021-04-02 03:08:26',NULL,NULL),(51,0,'8',NULL,'ADMIN','2021-04-02 03:08:26',NULL,NULL),(51,4,'admin',NULL,'ADMIN','2021-04-02 03:08:26',NULL,NULL),(51,2,'haaim04',NULL,'ADMIN','2021-04-02 03:08:26',NULL,NULL),(51,1,'haaim11',NULL,'ADMIN','2021-04-02 03:08:26',NULL,NULL),(51,1,'haaim12',NULL,'ADMIN','2021-04-02 03:08:26',NULL,NULL),(51,1,'haaim13',NULL,'ADMIN','2021-04-02 03:08:26',NULL,NULL),(51,3,'master',NULL,'ADMIN','2021-04-02 03:08:26',NULL,NULL);
/*!40000 ALTER TABLE `class_members` ENABLE KEYS */;
UNLOCK TABLES;

--
-- Table structure for table `class_mngt`
--

DROP TABLE IF EXISTS `class_mngt`;
/*!40101 SET @saved_cs_client     = @@character_set_client */;
/*!50503 SET character_set_client = utf8mb4 */;
CREATE TABLE `class_mngt` (
  `class_no` varchar(45) NOT NULL,
  `student_no` int(10) NOT NULL,
  `date` varchar(8) NOT NULL,
  `attendance` int(2) DEFAULT NULL COMMENT '출석',
  `homework` varchar(45) DEFAULT NULL COMMENT '과제',
  `comment` varchar(45) DEFAULT NULL COMMENT '교사의견',
  `input_id` varchar(45) NOT NULL,
  `input_date` datetime NOT NULL,
  `update_id` varchar(45) DEFAULT NULL,
  `update_date` datetime DEFAULT NULL,
  PRIMARY KEY (`student_no`,`date`,`class_no`)
) ENGINE=InnoDB DEFAULT CHARSET=utf8 COMMENT='출석/테스트/과제/ 학업상태 레포트.';
/*!40101 SET character_set_client = @saved_cs_client */;

--
-- Dumping data for table `class_mngt`
--

LOCK TABLES `class_mngt` WRITE;
/*!40000 ALTER TABLE `class_mngt` DISABLE KEYS */;
INSERT INTO `class_mngt` VALUES ('33',1,'20210402',1,'1',NULL,'ADMIN','2021-04-02 03:57:36',NULL,NULL),('35',1,'20210402',1,'1',NULL,'ADMIN','2021-04-02 03:57:36',NULL,NULL),('37',1,'20210402',1,'1',NULL,'ADMIN','2021-04-02 03:57:36',NULL,NULL),('44',1,'20210402',1,'1',NULL,'ADMIN','2021-04-02 03:57:36',NULL,NULL),('48',1,'20210402',1,'1',NULL,'ADMIN','2021-04-02 03:57:36',NULL,NULL),('50',1,'20210402',1,'1',NULL,'ADMIN','2021-04-02 03:57:36',NULL,NULL),('51',1,'20210402',1,'1',NULL,'ADMIN','2021-04-02 03:57:36',NULL,NULL),('33',1,'20210403',1,'1',NULL,'ADMIN','2021-04-02 03:58:47',NULL,NULL),('35',1,'20210403',1,'1',NULL,'ADMIN','2021-04-02 03:58:47',NULL,NULL),('37',1,'20210403',1,'1',NULL,'ADMIN','2021-04-02 03:58:47',NULL,NULL),('44',1,'20210403',1,'1',NULL,'ADMIN','2021-04-02 03:58:47',NULL,NULL),('48',1,'20210403',1,'1',NULL,'ADMIN','2021-04-02 03:58:47',NULL,NULL),('50',1,'20210403',1,'1',NULL,'ADMIN','2021-04-02 03:58:47',NULL,NULL),('51',1,'20210403',1,'1',NULL,'ADMIN','2021-04-02 03:58:47',NULL,NULL),('33',1,'20210404',1,'1',NULL,'ADMIN','2021-04-02 03:58:51',NULL,NULL),('35',1,'20210404',1,'1',NULL,'ADMIN','2021-04-02 03:58:51',NULL,NULL),('37',1,'20210404',1,'1',NULL,'ADMIN','2021-04-02 03:58:51',NULL,NULL),('44',1,'20210404',1,'1',NULL,'ADMIN','2021-04-02 03:58:51',NULL,NULL),('48',1,'20210404',1,'1',NULL,'ADMIN','2021-04-02 03:58:51',NULL,NULL),('50',1,'20210404',1,'1',NULL,'ADMIN','2021-04-02 03:58:51',NULL,NULL),('51',1,'20210404',1,'1',NULL,'ADMIN','2021-04-02 03:58:51',NULL,NULL),('33',1,'20210405',0,'0',NULL,'ADMIN','2021-04-02 03:58:55',NULL,NULL),('35',1,'20210405',1,'1',NULL,'ADMIN','2021-04-02 03:58:55',NULL,NULL),('37',1,'20210405',0,'0',NULL,'ADMIN','2021-04-02 03:58:55',NULL,NULL),('44',1,'20210405',1,'1',NULL,'ADMIN','2021-04-02 03:58:55',NULL,NULL),('48',1,'20210405',0,'0',NULL,'ADMIN','2021-04-02 03:58:55',NULL,NULL),('50',1,'20210405',1,'1',NULL,'ADMIN','2021-04-02 03:58:55',NULL,NULL),('51',1,'20210405',1,'1',NULL,'ADMIN','2021-04-02 03:58:55',NULL,NULL),('33',2,'20210402',0,'0',NULL,'ADMIN','2021-04-02 03:57:36',NULL,NULL),('36',2,'20210402',1,'1',NULL,'ADMIN','2021-04-02 03:57:36',NULL,NULL),('37',2,'20210402',1,'1',NULL,'ADMIN','2021-04-02 03:57:36',NULL,NULL),('45',2,'20210402',1,'1',NULL,'ADMIN','2021-04-02 03:57:36',NULL,NULL),('47',2,'20210402',1,'1',NULL,'ADMIN','2021-04-02 03:57:36',NULL,NULL),('48',2,'20210402',1,'1',NULL,'ADMIN','2021-04-02 03:57:36',NULL,NULL),('50',2,'20210402',1,'1',NULL,'ADMIN','2021-04-02 03:57:36',NULL,NULL),('33',2,'20210403',1,'1',NULL,'ADMIN','2021-04-02 03:58:47',NULL,NULL),('36',2,'20210403',1,'1',NULL,'ADMIN','2021-04-02 03:58:47',NULL,NULL),('37',2,'20210403',1,'1',NULL,'ADMIN','2021-04-02 03:58:47',NULL,NULL),('45',2,'20210403',1,'1',NULL,'ADMIN','2021-04-02 03:58:47',NULL,NULL),('47',2,'20210403',1,'1',NULL,'ADMIN','2021-04-02 03:58:47',NULL,NULL),('48',2,'20210403',1,'1',NULL,'ADMIN','2021-04-02 03:58:47',NULL,NULL),('50',2,'20210403',1,'1',NULL,'ADMIN','2021-04-02 03:58:47',NULL,NULL),('33',2,'20210404',1,'1',NULL,'ADMIN','2021-04-02 03:58:51',NULL,NULL),('36',2,'20210404',1,'1',NULL,'ADMIN','2021-04-02 03:58:51',NULL,NULL),('37',2,'20210404',1,'1',NULL,'ADMIN','2021-04-02 03:58:51',NULL,NULL),('45',2,'20210404',1,'1',NULL,'ADMIN','2021-04-02 03:58:51',NULL,NULL),('47',2,'20210404',1,'1',NULL,'ADMIN','2021-04-02 03:58:51',NULL,NULL),('48',2,'20210404',1,'1',NULL,'ADMIN','2021-04-02 03:58:51',NULL,NULL),('50',2,'20210404',1,'1',NULL,'ADMIN','2021-04-02 03:58:51',NULL,NULL),('33',2,'20210405',1,'1',NULL,'ADMIN','2021-04-02 03:58:55',NULL,NULL),('36',2,'20210405',1,'1',NULL,'ADMIN','2021-04-02 03:58:55',NULL,NULL),('37',2,'20210405',1,'1',NULL,'ADMIN','2021-04-02 03:58:55',NULL,NULL),('45',2,'20210405',1,'1',NULL,'ADMIN','2021-04-02 03:58:55',NULL,NULL),('47',2,'20210405',1,'1',NULL,'ADMIN','2021-04-02 03:58:55',NULL,NULL),('48',2,'20210405',1,'1',NULL,'ADMIN','2021-04-02 03:58:55',NULL,NULL),('50',2,'20210405',1,'1',NULL,'ADMIN','2021-04-02 03:58:55',NULL,NULL),('33',3,'20210402',0,'0',NULL,'ADMIN','2021-04-02 03:57:36',NULL,NULL),('36',3,'20210402',1,'1',NULL,'ADMIN','2021-04-02 03:57:36',NULL,NULL),('39',3,'20210402',1,'1',NULL,'ADMIN','2021-04-02 03:57:36',NULL,NULL),('42',3,'20210402',1,'1',NULL,'ADMIN','2021-04-02 03:57:36',NULL,NULL),('44',3,'20210402',1,'1',NULL,'ADMIN','2021-04-02 03:57:36',NULL,NULL),('46',3,'20210402',1,'1',NULL,'ADMIN','2021-04-02 03:57:36',NULL,NULL),('47',3,'20210402',1,'1',NULL,'ADMIN','2021-04-02 03:57:36',NULL,NULL),('48',3,'20210402',1,'1',NULL,'ADMIN','2021-04-02 03:57:36',NULL,NULL),('49',3,'20210402',1,'1',NULL,'ADMIN','2021-04-02 03:57:36',NULL,NULL),('50',3,'20210402',1,'1',NULL,'ADMIN','2021-04-02 03:57:36',NULL,NULL),('33',3,'20210403',1,'1',NULL,'ADMIN','2021-04-02 03:58:47',NULL,NULL),('36',3,'20210403',1,'1',NULL,'ADMIN','2021-04-02 03:58:47',NULL,NULL),('39',3,'20210403',1,'1',NULL,'ADMIN','2021-04-02 03:58:47',NULL,NULL),('42',3,'20210403',1,'1',NULL,'ADMIN','2021-04-02 03:58:47',NULL,NULL),('44',3,'20210403',1,'1',NULL,'ADMIN','2021-04-02 03:58:47',NULL,NULL),('46',3,'20210403',1,'1',NULL,'ADMIN','2021-04-02 03:58:47',NULL,NULL),('47',3,'20210403',1,'1',NULL,'ADMIN','2021-04-02 03:58:47',NULL,NULL),('48',3,'20210403',1,'1',NULL,'ADMIN','2021-04-02 03:58:47',NULL,NULL),('49',3,'20210403',1,'1',NULL,'ADMIN','2021-04-02 03:58:47',NULL,NULL),('50',3,'20210403',1,'1',NULL,'ADMIN','2021-04-02 03:58:47',NULL,NULL),('33',3,'20210404',1,'1',NULL,'ADMIN','2021-04-02 03:58:51',NULL,NULL),('36',3,'20210404',1,'1',NULL,'ADMIN','2021-04-02 03:58:51',NULL,NULL),('39',3,'20210404',1,'1',NULL,'ADMIN','2021-04-02 03:58:51',NULL,NULL),('42',3,'20210404',1,'1',NULL,'ADMIN','2021-04-02 03:58:51',NULL,NULL),('44',3,'20210404',1,'1',NULL,'ADMIN','2021-04-02 03:58:51',NULL,NULL),('46',3,'20210404',1,'1',NULL,'ADMIN','2021-04-02 03:58:51',NULL,NULL),('47',3,'20210404',1,'1',NULL,'ADMIN','2021-04-02 03:58:51',NULL,NULL),('48',3,'20210404',1,'1',NULL,'ADMIN','2021-04-02 03:58:51',NULL,NULL),('49',3,'20210404',1,'1',NULL,'ADMIN','2021-04-02 03:58:51',NULL,NULL),('50',3,'20210404',1,'1',NULL,'ADMIN','2021-04-02 03:58:51',NULL,NULL),('33',3,'20210405',1,'1',NULL,'ADMIN','2021-04-02 03:58:55',NULL,NULL),('36',3,'20210405',1,'1',NULL,'ADMIN','2021-04-02 03:58:55',NULL,NULL),('39',3,'20210405',1,'1',NULL,'ADMIN','2021-04-02 03:58:55',NULL,NULL),('42',3,'20210405',1,'1',NULL,'ADMIN','2021-04-02 03:58:55',NULL,NULL),('44',3,'20210405',1,'1',NULL,'ADMIN','2021-04-02 03:58:55',NULL,NULL),('46',3,'20210405',1,'1',NULL,'ADMIN','2021-04-02 03:58:55',NULL,NULL),('47',3,'20210405',1,'1',NULL,'ADMIN','2021-04-02 03:58:55',NULL,NULL),('48',3,'20210405',1,'1',NULL,'ADMIN','2021-04-02 03:58:55',NULL,NULL),('49',3,'20210405',1,'1',NULL,'ADMIN','2021-04-02 03:58:55',NULL,NULL),('50',3,'20210405',1,'1',NULL,'ADMIN','2021-04-02 03:58:55',NULL,NULL),('33',4,'20210402',1,'1',NULL,'ADMIN','2021-04-02 03:57:36',NULL,NULL),('35',4,'20210402',1,'1',NULL,'ADMIN','2021-04-02 03:57:36',NULL,NULL),('39',4,'20210402',1,'1',NULL,'ADMIN','2021-04-02 03:57:36',NULL,NULL),('42',4,'20210402',1,'1',NULL,'ADMIN','2021-04-02 03:57:36',NULL,NULL),('45',4,'20210402',1,'1',NULL,'ADMIN','2021-04-02 03:57:36',NULL,NULL),('46',4,'20210402',1,'1',NULL,'ADMIN','2021-04-02 03:57:36',NULL,NULL),('49',4,'20210402',1,'1',NULL,'ADMIN','2021-04-02 03:57:36',NULL,NULL),('33',4,'20210403',1,'1',NULL,'ADMIN','2021-04-02 03:58:47',NULL,NULL),('35',4,'20210403',1,'1',NULL,'ADMIN','2021-04-02 03:58:47',NULL,NULL),('39',4,'20210403',1,'1',NULL,'ADMIN','2021-04-02 03:58:47',NULL,NULL),('42',4,'20210403',1,'1',NULL,'ADMIN','2021-04-02 03:58:47',NULL,NULL),('45',4,'20210403',1,'1',NULL,'ADMIN','2021-04-02 03:58:47',NULL,NULL),('46',4,'20210403',1,'1',NULL,'ADMIN','2021-04-02 03:58:47',NULL,NULL),('49',4,'20210403',1,'1',NULL,'ADMIN','2021-04-02 03:58:47',NULL,NULL),('33',4,'20210404',1,'1',NULL,'ADMIN','2021-04-02 03:58:51',NULL,NULL),('35',4,'20210404',1,'1',NULL,'ADMIN','2021-04-02 03:58:51',NULL,NULL),('39',4,'20210404',1,'1',NULL,'ADMIN','2021-04-02 03:58:51',NULL,NULL),('42',4,'20210404',1,'1',NULL,'ADMIN','2021-04-02 03:58:51',NULL,NULL),('45',4,'20210404',1,'1',NULL,'ADMIN','2021-04-02 03:58:51',NULL,NULL),('46',4,'20210404',1,'1',NULL,'ADMIN','2021-04-02 03:58:51',NULL,NULL),('49',4,'20210404',1,'1',NULL,'ADMIN','2021-04-02 03:58:51',NULL,NULL),('33',4,'20210405',1,'1',NULL,'ADMIN','2021-04-02 03:58:55',NULL,NULL),('35',4,'20210405',1,'1',NULL,'ADMIN','2021-04-02 03:58:55',NULL,NULL),('39',4,'20210405',1,'1',NULL,'ADMIN','2021-04-02 03:58:55',NULL,NULL),('42',4,'20210405',1,'1',NULL,'ADMIN','2021-04-02 03:58:55',NULL,NULL),('45',4,'20210405',1,'1',NULL,'ADMIN','2021-04-02 03:58:55',NULL,NULL),('46',4,'20210405',1,'1',NULL,'ADMIN','2021-04-02 03:58:55',NULL,NULL),('49',4,'20210405',1,'1',NULL,'ADMIN','2021-04-02 03:58:55',NULL,NULL),('34',5,'20210402',1,'1',NULL,'ADMIN','2021-04-02 03:57:36',NULL,NULL),('36',5,'20210402',1,'1',NULL,'ADMIN','2021-04-02 03:57:36',NULL,NULL),('39',5,'20210402',1,'1',NULL,'ADMIN','2021-04-02 03:57:36',NULL,NULL),('40',5,'20210402',1,'1',NULL,'ADMIN','2021-04-02 03:57:36',NULL,NULL),('44',5,'20210402',1,'1',NULL,'ADMIN','2021-04-02 03:57:36',NULL,NULL),('49',5,'20210402',1,'1',NULL,'ADMIN','2021-04-02 03:57:36',NULL,NULL),('34',5,'20210403',0,'0',NULL,'ADMIN','2021-04-02 03:58:47',NULL,NULL),('36',5,'20210403',1,'1',NULL,'ADMIN','2021-04-02 03:58:47',NULL,NULL),('39',5,'20210403',1,'1',NULL,'ADMIN','2021-04-02 03:58:47',NULL,NULL),('40',5,'20210403',1,'1',NULL,'ADMIN','2021-04-02 03:58:47',NULL,NULL),('44',5,'20210403',1,'1',NULL,'ADMIN','2021-04-02 03:58:47',NULL,NULL),('49',5,'20210403',1,'1',NULL,'ADMIN','2021-04-02 03:58:47',NULL,NULL),('34',5,'20210404',1,'1',NULL,'ADMIN','2021-04-02 03:58:51',NULL,NULL),('36',5,'20210404',1,'1',NULL,'ADMIN','2021-04-02 03:58:51',NULL,NULL),('39',5,'20210404',1,'1',NULL,'ADMIN','2021-04-02 03:58:51',NULL,NULL),('40',5,'20210404',1,'1',NULL,'ADMIN','2021-04-02 03:58:51',NULL,NULL),('44',5,'20210404',1,'1',NULL,'ADMIN','2021-04-02 03:58:51',NULL,NULL),('49',5,'20210404',1,'1',NULL,'ADMIN','2021-04-02 03:58:51',NULL,NULL),('34',5,'20210405',1,'1',NULL,'ADMIN','2021-04-02 03:58:55',NULL,NULL),('36',5,'20210405',1,'1',NULL,'ADMIN','2021-04-02 03:58:55',NULL,NULL),('39',5,'20210405',1,'1',NULL,'ADMIN','2021-04-02 03:58:55',NULL,NULL),('40',5,'20210405',1,'1',NULL,'ADMIN','2021-04-02 03:58:55',NULL,NULL),('44',5,'20210405',1,'1',NULL,'ADMIN','2021-04-02 03:58:55',NULL,NULL),('49',5,'20210405',1,'1',NULL,'ADMIN','2021-04-02 03:58:55',NULL,NULL),('34',6,'20210402',1,'1',NULL,'ADMIN','2021-04-02 03:57:36',NULL,NULL),('43',6,'20210402',1,'1',NULL,'ADMIN','2021-04-02 03:57:36',NULL,NULL),('45',6,'20210402',1,'1',NULL,'ADMIN','2021-04-02 03:57:36',NULL,NULL),('50',6,'20210402',1,'1',NULL,'ADMIN','2021-04-02 03:57:36',NULL,NULL),('34',6,'20210403',0,'0',NULL,'ADMIN','2021-04-02 03:58:47',NULL,NULL),('43',6,'20210403',1,'1',NULL,'ADMIN','2021-04-02 03:58:47',NULL,NULL),('45',6,'20210403',1,'1',NULL,'ADMIN','2021-04-02 03:58:47',NULL,NULL),('50',6,'20210403',1,'1',NULL,'ADMIN','2021-04-02 03:58:47',NULL,NULL),('34',6,'20210404',1,'1',NULL,'ADMIN','2021-04-02 03:58:51',NULL,NULL),('43',6,'20210404',1,'1',NULL,'ADMIN','2021-04-02 03:58:51',NULL,NULL),('45',6,'20210404',1,'1',NULL,'ADMIN','2021-04-02 03:58:51',NULL,NULL),('50',6,'20210404',1,'1',NULL,'ADMIN','2021-04-02 03:58:51',NULL,NULL),('34',6,'20210405',1,'1',NULL,'ADMIN','2021-04-02 03:58:55',NULL,NULL),('43',6,'20210405',1,'1',NULL,'ADMIN','2021-04-02 03:58:55',NULL,NULL),('45',6,'20210405',1,'1',NULL,'ADMIN','2021-04-02 03:58:55',NULL,NULL),('50',6,'20210405',1,'1',NULL,'ADMIN','2021-04-02 03:58:55',NULL,NULL),('34',7,'20210402',1,'1',NULL,'ADMIN','2021-04-02 03:57:36',NULL,NULL),('35',7,'20210402',1,'1',NULL,'ADMIN','2021-04-02 03:57:36',NULL,NULL),('38',7,'20210402',1,'1',NULL,'ADMIN','2021-04-02 03:57:36',NULL,NULL),('40',7,'20210402',1,'1',NULL,'ADMIN','2021-04-02 03:57:36',NULL,NULL),('41',7,'20210402',1,'1',NULL,'ADMIN','2021-04-02 03:57:36',NULL,NULL),('43',7,'20210402',1,'1',NULL,'ADMIN','2021-04-02 03:57:36',NULL,NULL),('44',7,'20210402',1,'1',NULL,'ADMIN','2021-04-02 03:57:36',NULL,NULL),('46',7,'20210402',1,'1',NULL,'ADMIN','2021-04-02 03:57:36',NULL,NULL),('50',7,'20210402',1,'1',NULL,'ADMIN','2021-04-02 03:57:36',NULL,NULL),('51',7,'20210402',1,'1',NULL,'ADMIN','2021-04-02 03:57:36',NULL,NULL),('34',7,'20210403',0,'0',NULL,'ADMIN','2021-04-02 03:58:47',NULL,NULL),('35',7,'20210403',1,'1',NULL,'ADMIN','2021-04-02 03:58:47',NULL,NULL),('38',7,'20210403',1,'1',NULL,'ADMIN','2021-04-02 03:58:47',NULL,NULL),('40',7,'20210403',1,'1',NULL,'ADMIN','2021-04-02 03:58:47',NULL,NULL),('41',7,'20210403',1,'1',NULL,'ADMIN','2021-04-02 03:58:47',NULL,NULL),('43',7,'20210403',1,'1',NULL,'ADMIN','2021-04-02 03:58:47',NULL,NULL),('44',7,'20210403',1,'1',NULL,'ADMIN','2021-04-02 03:58:47',NULL,NULL),('46',7,'20210403',1,'1',NULL,'ADMIN','2021-04-02 03:58:47',NULL,NULL),('50',7,'20210403',1,'1',NULL,'ADMIN','2021-04-02 03:58:47',NULL,NULL),('51',7,'20210403',1,'1',NULL,'ADMIN','2021-04-02 03:58:47',NULL,NULL),('34',7,'20210404',1,'1',NULL,'ADMIN','2021-04-02 03:58:51',NULL,NULL),('35',7,'20210404',1,'1',NULL,'ADMIN','2021-04-02 03:58:51',NULL,NULL),('38',7,'20210404',1,'1',NULL,'ADMIN','2021-04-02 03:58:51',NULL,NULL),('40',7,'20210404',1,'1',NULL,'ADMIN','2021-04-02 03:58:51',NULL,NULL),('41',7,'20210404',1,'1',NULL,'ADMIN','2021-04-02 03:58:51',NULL,NULL),('43',7,'20210404',1,'1',NULL,'ADMIN','2021-04-02 03:58:51',NULL,NULL),('44',7,'20210404',1,'1',NULL,'ADMIN','2021-04-02 03:58:51',NULL,NULL),('46',7,'20210404',1,'1',NULL,'ADMIN','2021-04-02 03:58:51',NULL,NULL),('50',7,'20210404',1,'1',NULL,'ADMIN','2021-04-02 03:58:51',NULL,NULL),('51',7,'20210404',1,'1',NULL,'ADMIN','2021-04-02 03:58:51',NULL,NULL),('34',7,'20210405',1,'1',NULL,'ADMIN','2021-04-02 03:58:55',NULL,NULL),('35',7,'20210405',1,'1',NULL,'ADMIN','2021-04-02 03:58:55',NULL,NULL),('38',7,'20210405',1,'1',NULL,'ADMIN','2021-04-02 03:58:55',NULL,NULL),('40',7,'20210405',1,'1',NULL,'ADMIN','2021-04-02 03:58:55',NULL,NULL),('41',7,'20210405',1,'1',NULL,'ADMIN','2021-04-02 03:58:55',NULL,NULL),('43',7,'20210405',1,'1',NULL,'ADMIN','2021-04-02 03:58:55',NULL,NULL),('44',7,'20210405',1,'1',NULL,'ADMIN','2021-04-02 03:58:55',NULL,NULL),('46',7,'20210405',1,'1',NULL,'ADMIN','2021-04-02 03:58:55',NULL,NULL),('50',7,'20210405',1,'1',NULL,'ADMIN','2021-04-02 03:58:55',NULL,NULL),('51',7,'20210405',1,'1',NULL,'ADMIN','2021-04-02 03:58:55',NULL,NULL),('34',8,'20210402',1,'1',NULL,'ADMIN','2021-04-02 03:57:36',NULL,NULL),('37',8,'20210402',1,'1',NULL,'ADMIN','2021-04-02 03:57:36',NULL,NULL),('38',8,'20210402',1,'1',NULL,'ADMIN','2021-04-02 03:57:36',NULL,NULL),('40',8,'20210402',1,'1',NULL,'ADMIN','2021-04-02 03:57:36',NULL,NULL),('41',8,'20210402',1,'1',NULL,'ADMIN','2021-04-02 03:57:36',NULL,NULL),('43',8,'20210402',1,'1',NULL,'ADMIN','2021-04-02 03:57:36',NULL,NULL),('45',8,'20210402',1,'1',NULL,'ADMIN','2021-04-02 03:57:36',NULL,NULL),('46',8,'20210402',1,'1',NULL,'ADMIN','2021-04-02 03:57:36',NULL,NULL),('51',8,'20210402',1,'1',NULL,'ADMIN','2021-04-02 03:57:36',NULL,NULL),('34',8,'20210403',1,'1',NULL,'ADMIN','2021-04-02 03:58:47',NULL,NULL),('37',8,'20210403',1,'1',NULL,'ADMIN','2021-04-02 03:58:47',NULL,NULL),('38',8,'20210403',1,'1',NULL,'ADMIN','2021-04-02 03:58:47',NULL,NULL),('40',8,'20210403',1,'1',NULL,'ADMIN','2021-04-02 03:58:47',NULL,NULL),('41',8,'20210403',1,'1',NULL,'ADMIN','2021-04-02 03:58:47',NULL,NULL),('43',8,'20210403',1,'1',NULL,'ADMIN','2021-04-02 03:58:47',NULL,NULL),('45',8,'20210403',1,'1',NULL,'ADMIN','2021-04-02 03:58:47',NULL,NULL),('46',8,'20210403',1,'1',NULL,'ADMIN','2021-04-02 03:58:47',NULL,NULL),('51',8,'20210403',1,'1',NULL,'ADMIN','2021-04-02 03:58:47',NULL,NULL),('34',8,'20210404',1,'1',NULL,'ADMIN','2021-04-02 03:58:51',NULL,NULL),('37',8,'20210404',1,'1',NULL,'ADMIN','2021-04-02 03:58:51',NULL,NULL),('38',8,'20210404',1,'1',NULL,'ADMIN','2021-04-02 03:58:51',NULL,NULL),('40',8,'20210404',1,'1',NULL,'ADMIN','2021-04-02 03:58:51',NULL,NULL),('41',8,'20210404',1,'1',NULL,'ADMIN','2021-04-02 03:58:51',NULL,NULL),('43',8,'20210404',1,'1',NULL,'ADMIN','2021-04-02 03:58:51',NULL,NULL),('45',8,'20210404',1,'1',NULL,'ADMIN','2021-04-02 03:58:51',NULL,NULL),('46',8,'20210404',1,'1',NULL,'ADMIN','2021-04-02 03:58:51',NULL,NULL),('51',8,'20210404',1,'1',NULL,'ADMIN','2021-04-02 03:58:51',NULL,NULL),('34',8,'20210405',1,'1',NULL,'ADMIN','2021-04-02 03:58:55',NULL,NULL),('37',8,'20210405',1,'1',NULL,'ADMIN','2021-04-02 03:58:55',NULL,NULL),('38',8,'20210405',1,'1',NULL,'ADMIN','2021-04-02 03:58:55',NULL,NULL),('40',8,'20210405',1,'1',NULL,'ADMIN','2021-04-02 03:58:55',NULL,NULL),('41',8,'20210405',1,'1',NULL,'ADMIN','2021-04-02 03:58:55',NULL,NULL),('43',8,'20210405',1,'1',NULL,'ADMIN','2021-04-02 03:58:55',NULL,NULL),('45',8,'20210405',1,'1',NULL,'ADMIN','2021-04-02 03:58:55',NULL,NULL),('46',8,'20210405',1,'1',NULL,'ADMIN','2021-04-02 03:58:55',NULL,NULL),('51',8,'20210405',1,'1',NULL,'ADMIN','2021-04-02 03:58:55',NULL,NULL);
/*!40000 ALTER TABLE `class_mngt` ENABLE KEYS */;
UNLOCK TABLES;

--
-- Table structure for table `code`
--

DROP TABLE IF EXISTS `code`;
/*!40101 SET @saved_cs_client     = @@character_set_client */;
/*!50503 SET character_set_client = utf8mb4 */;
CREATE TABLE `code` (
  `group_code` varchar(20) NOT NULL COMMENT '그룹코드',
  `code` varchar(20) NOT NULL COMMENT '코드',
  `code_name` varchar(100) NOT NULL COMMENT '코드명',
  `use_yn` int(1) NOT NULL DEFAULT '0' COMMENT '사용여부',
  `input_id` varchar(45) NOT NULL,
  `input_date` datetime NOT NULL,
  `update_id` varchar(45) DEFAULT NULL,
  `update_date` datetime DEFAULT NULL,
  PRIMARY KEY (`group_code`,`code`,`use_yn`)
) ENGINE=InnoDB DEFAULT CHARSET=utf8mb4 COLLATE=utf8mb4_0900_ai_ci COMMENT='코드';
/*!40101 SET character_set_client = @saved_cs_client */;

--
-- Dumping data for table `code`
--

LOCK TABLES `code` WRITE;
/*!40000 ALTER TABLE `code` DISABLE KEYS */;
INSERT INTO `code` VALUES ('category','H1101','Ⅰ 다항식',0,'ADMIN','2021-04-02 22:52:51',NULL,NULL),('category','H1102','Ⅱ 방정식',0,'ADMIN','2021-04-02 22:52:51',NULL,NULL),('category','H1103','Ⅲ 부등식',0,'ADMIN','2021-04-02 22:52:51',NULL,NULL),('category','H1104','Ⅳ 도형의 방정식',0,'ADMIN','2021-04-02 22:52:51',NULL,NULL),('category','H1205','Ⅴ 집합과 명제',0,'ADMIN','2021-04-02 22:52:51',NULL,NULL),('category','H1206','Ⅵ 함수',0,'ADMIN','2021-04-02 22:52:51',NULL,NULL),('category','H1207','Ⅶ 순열과 조합',0,'ADMIN','2021-04-02 22:52:51',NULL,NULL),('category','H2101','Ⅰ. 지수함수와 로그함수',0,'ADMIN','2021-04-02 22:52:52',NULL,NULL),('category','H2102','Ⅱ 삼각함수',0,'ADMIN','2021-04-02 22:52:52',NULL,NULL),('category','H2103','Ⅲ. 수열',0,'ADMIN','2021-04-02 22:52:52',NULL,NULL),('category','H2201','Ⅰ. 함수의 극한과 연속',0,'ADMIN','2021-04-02 22:52:52',NULL,NULL),('category','H2202','Ⅱ. 다항함수의 미분법',0,'ADMIN','2021-04-02 22:52:52',NULL,NULL),('category','H2203','Ⅲ. 다항함수의 적분법',0,'ADMIN','2021-04-02 22:52:52',NULL,NULL),('category','H2301','Ⅰ. 순열과 조합',0,'ADMIN','2021-04-02 22:52:52',NULL,NULL),('category','H2302','Ⅱ. 확률',0,'ADMIN','2021-04-02 22:52:52',NULL,NULL),('category','H2303','Ⅲ. 통계',0,'ADMIN','2021-04-02 22:52:52',NULL,NULL),('category','H2401','Ⅰ. 이차곡선',0,'ADMIN','2021-04-02 22:52:52',NULL,NULL),('category','H2402','Ⅱ. 벡터',0,'ADMIN','2021-04-02 22:52:52',NULL,NULL),('category','H2403','Ⅲ. 공간도형',0,'ADMIN','2021-04-02 22:52:52',NULL,NULL),('category','H3101','Ⅰ. 수열의 극한',0,'ADMIN','2021-04-02 22:52:52',NULL,NULL),('category','H3102','Ⅱ. 여러 가지 함수의 미분',0,'ADMIN','2021-04-02 22:52:52',NULL,NULL),('category','H3103','Ⅲ. 미분법',0,'ADMIN','2021-04-02 22:52:52',NULL,NULL),('category','H3104','Ⅳ. 적분법',0,'ADMIN','2021-04-02 22:52:52',NULL,NULL),('category','M1101','Ⅰ 소인수분해',0,'ADMIN','2021-04-02 22:52:51',NULL,NULL),('category','M1102','Ⅱ 정수와 유리수',0,'ADMIN','2021-04-02 22:52:51',NULL,NULL),('category','M1103','Ⅲ 방정식',0,'ADMIN','2021-04-02 22:52:51',NULL,NULL),('category','M1104','Ⅳ 그래프와 비례',0,'ADMIN','2021-04-02 22:52:51',NULL,NULL),('category','M1205','Ⅴ. 기본 도형',0,'ADMIN','2021-04-02 22:52:51',NULL,NULL),('category','M1206','Ⅵ. 평면도형',0,'ADMIN','2021-04-02 22:52:51',NULL,NULL),('category','M1207','Ⅶ. 입체도형',0,'ADMIN','2021-04-02 22:52:51',NULL,NULL),('category','M1208','Ⅷ. 통계',0,'ADMIN','2021-04-02 22:52:51',NULL,NULL),('category','M2101','Ⅰ 수와 식',0,'ADMIN','2021-04-02 22:52:51',NULL,NULL),('category','M2102','Ⅱ 부등식',0,'ADMIN','2021-04-02 22:52:51',NULL,NULL),('category','M2103','Ⅲ 방정식',0,'ADMIN','2021-04-02 22:52:51',NULL,NULL),('category','M2104','Ⅳ 함수',0,'ADMIN','2021-04-02 22:52:51',NULL,NULL),('category','M2201','I. 삼각형의 성질',0,'ADMIN','2021-04-02 22:52:51',NULL,NULL),('category','M2202','II. 사각형의 성질',0,'ADMIN','2021-04-02 22:52:51',NULL,NULL),('category','M2203','III. 도형의 닮음',0,'ADMIN','2021-04-02 22:52:51',NULL,NULL),('category','M2204','IV. 피타고라스 정리',0,'ADMIN','2021-04-02 22:52:51',NULL,NULL),('category','M2205','Ⅴ. 확률',0,'ADMIN','2021-04-02 22:52:51',NULL,NULL),('category','M3101','I. 제곱근과 실수',0,'ADMIN','2021-04-02 22:52:51',NULL,NULL),('category','M3102','II. 다항식의 곱셈과 인수분해',0,'ADMIN','2021-04-02 22:52:51',NULL,NULL),('category','M3103','III. 이차방정식',0,'ADMIN','2021-04-02 22:52:51',NULL,NULL),('category','M3104','IV. 이차함수',0,'ADMIN','2021-04-02 22:52:51',NULL,NULL),('category','M3201','I. 삼각비',0,'ADMIN','2021-04-02 22:52:51',NULL,NULL),('category','M3202','II. 원의 성질',0,'ADMIN','2021-04-02 22:52:51',NULL,NULL),('category','M3203','III. 통계',0,'ADMIN','2021-04-02 22:52:51',NULL,NULL),('H1101','01','01 다항식의 연산',0,'ADMIN','2021-04-02 22:53:30',NULL,NULL),('H1101','02','02 나머지정리와 인수분해',0,'ADMIN','2021-04-02 22:53:30',NULL,NULL),('H1102','03','03 복소수',0,'ADMIN','2021-04-02 22:53:30',NULL,NULL),('H1102','04','04 이차방정식',0,'ADMIN','2021-04-02 22:53:30',NULL,NULL),('H1102','05','05 이차방정식과 이차함수',0,'ADMIN','2021-04-02 22:53:30',NULL,NULL),('H1102','06','06 여러 가지 방정식',0,'ADMIN','2021-04-02 22:53:30',NULL,NULL),('H1103','07','07 부등식',0,'ADMIN','2021-04-02 22:53:30',NULL,NULL),('H1103','08','08 이차부등식',0,'ADMIN','2021-04-02 22:53:30',NULL,NULL),('H1104','09','09 평면좌표와 직선의 방정식',0,'ADMIN','2021-04-02 22:53:30',NULL,NULL),('H1104','10','10 원의 방정식',0,'ADMIN','2021-04-02 22:53:30',NULL,NULL),('H1104','11','11 도형의 이동',0,'ADMIN','2021-04-02 22:53:30',NULL,NULL),('H1205','12','12 집합의 뜻과 표현',0,'ADMIN','2021-04-02 22:53:30',NULL,NULL),('H1205','13','13 집합의 연산',0,'ADMIN','2021-04-02 22:53:30',NULL,NULL),('H1205','14','14 명제',0,'ADMIN','2021-04-02 22:53:30',NULL,NULL),('H1206','15','15 함수',0,'ADMIN','2021-04-02 22:53:30',NULL,NULL),('H1206','16','16 유리식과 유리함수',0,'ADMIN','2021-04-02 22:53:30',NULL,NULL),('H1206','17','17 무리식과 무리함수',0,'ADMIN','2021-04-02 22:53:30',NULL,NULL),('H1207','18','18 순열과 조합',0,'ADMIN','2021-04-02 22:53:30',NULL,NULL),('H2101','01','01 지수',0,'ADMIN','2021-04-02 22:53:30',NULL,NULL),('H2101','02','02 로그 ',0,'ADMIN','2021-04-02 22:53:30',NULL,NULL),('H2101','03','03 지수함수',0,'ADMIN','2021-04-02 22:53:30',NULL,NULL),('H2101','04','04 로그함수',0,'ADMIN','2021-04-02 22:53:30',NULL,NULL),('H2102','05','05 삼각함수 ',0,'ADMIN','2021-04-02 22:53:30',NULL,NULL),('H2102','06','06 삼각함수의 그래프 ',0,'ADMIN','2021-04-02 22:53:30',NULL,NULL),('H2102','07','07 삼각함수의 활용 ',0,'ADMIN','2021-04-02 22:53:30',NULL,NULL),('H2103','08','08 등차수열과 등비수열 ',0,'ADMIN','2021-04-02 22:53:30',NULL,NULL),('H2103','09','09 수열의 합 ',0,'ADMIN','2021-04-02 22:53:30',NULL,NULL),('H2103','10','10 수학적 귀납법 ',0,'ADMIN','2021-04-02 22:53:30',NULL,NULL),('H2201','01','01 함수의 극한',0,'ADMIN','2021-04-02 22:53:30',NULL,NULL),('H2201','02','02 함수의 연속',0,'ADMIN','2021-04-02 22:53:30',NULL,NULL),('H2202','03','03 미분계수와 도함수',0,'ADMIN','2021-04-02 22:53:30',NULL,NULL),('H2202','04','04 도함수의 활용(1)',0,'ADMIN','2021-04-02 22:53:30',NULL,NULL),('H2202','05','05 도함수의 활용(2)',0,'ADMIN','2021-04-02 22:53:30',NULL,NULL),('H2202','06','06 도함수의 활용(3) ',0,'ADMIN','2021-04-02 22:53:30',NULL,NULL),('H2203','07','07 부정적분 ',0,'ADMIN','2021-04-02 22:53:30',NULL,NULL),('H2203','08','08 정적분 ',0,'ADMIN','2021-04-02 22:53:30',NULL,NULL),('H2203','09','09 정적분의 활용',0,'ADMIN','2021-04-02 22:53:30',NULL,NULL),('H2301','01','01 여러 가지 순열',0,'ADMIN','2021-04-02 22:53:30',NULL,NULL),('H2301','02','02 중복조합과 이항정리',0,'ADMIN','2021-04-02 22:53:30',NULL,NULL),('H2302','03','03 확률의 뜻과 활용',0,'ADMIN','2021-04-02 22:53:30',NULL,NULL),('H2302','04','04 조건부확률',0,'ADMIN','2021-04-02 22:53:30',NULL,NULL),('H2303','05','05 확률변수와 확률분포',0,'ADMIN','2021-04-02 22:53:30',NULL,NULL),('H2303','06','06 이항분포와 정규분포',0,'ADMIN','2021-04-02 22:53:30',NULL,NULL),('H2303','07','07 통계적 추정',0,'ADMIN','2021-04-02 22:53:30',NULL,NULL),('H2401','01','01 이차곡선',0,'ADMIN','2021-04-02 22:53:30',NULL,NULL),('H2401','02','02 이차곡선과 직선',0,'ADMIN','2021-04-02 22:53:30',NULL,NULL),('H2402','03','03 벡터의 연산',0,'ADMIN','2021-04-02 22:53:30',NULL,NULL),('H2402','04','04 평면벡터의 성분과 내적 ',0,'ADMIN','2021-04-02 22:53:30',NULL,NULL),('H2403','05','05 공간도형 ',0,'ADMIN','2021-04-02 22:53:30',NULL,NULL),('H2403','06','06 공간좌표',0,'ADMIN','2021-04-02 22:53:30',NULL,NULL),('H3101','01','01 수열의 극한',0,'ADMIN','2021-04-02 22:53:30',NULL,NULL),('H3101','02','02 급수 ',0,'ADMIN','2021-04-02 22:53:30',NULL,NULL),('H3102','03','03 지수함수와 로그함수의 미분',0,'ADMIN','2021-04-02 22:53:31',NULL,NULL),('H3102','04','04 삼각함수의 미분',0,'ADMIN','2021-04-02 22:53:31',NULL,NULL),('H3103','05','05 여러 가지 미분법',0,'ADMIN','2021-04-02 22:53:31',NULL,NULL),('H3103','06','06 도함수의 활용 ⑴ ',0,'ADMIN','2021-04-02 22:53:31',NULL,NULL),('H3103','07','07 도함수의 활용 ⑵ ',0,'ADMIN','2021-04-02 22:53:31',NULL,NULL),('H3104','08','08 여러 가지 적분법 ',0,'ADMIN','2021-04-02 22:53:31',NULL,NULL),('H3104','09','09 정적분 ',0,'ADMIN','2021-04-02 22:53:31',NULL,NULL),('H3104','10','10 정적분의 활용',0,'ADMIN','2021-04-02 22:53:31',NULL,NULL),('M1101','01','01 소인수분해',0,'ADMIN','2021-04-02 22:53:29',NULL,NULL),('M1101','02','02 최대공약수와 최소공배수',0,'ADMIN','2021-04-02 22:53:29',NULL,NULL),('M1102','03','03 정수와 유리수',0,'ADMIN','2021-04-02 22:53:29',NULL,NULL),('M1102','04','04 유리수의 계산',0,'ADMIN','2021-04-02 22:53:29',NULL,NULL),('M1103','05','05 문자와 식',0,'ADMIN','2021-04-02 22:53:29',NULL,NULL),('M1103','06','06 일차방정식의 풀이',0,'ADMIN','2021-04-02 22:53:29',NULL,NULL),('M1103','07','07 일차방정식의 활용',0,'ADMIN','2021-04-02 22:53:29',NULL,NULL),('M1104','08','08 좌표평면과 그래프',0,'ADMIN','2021-04-02 22:53:29',NULL,NULL),('M1104','09','09 정비례와 반비례',0,'ADMIN','2021-04-02 22:53:29',NULL,NULL),('M1205','10','10 기본 도형',0,'ADMIN','2021-04-02 22:53:29',NULL,NULL),('M1205','11','11 위치 관계',0,'ADMIN','2021-04-02 22:53:29',NULL,NULL),('M1205','12','12 평행선',0,'ADMIN','2021-04-02 22:53:29',NULL,NULL),('M1205','13','13 작도와 합동',0,'ADMIN','2021-04-02 22:53:29',NULL,NULL),('M1206','14','14 다각형',0,'ADMIN','2021-04-02 22:53:29',NULL,NULL),('M1206','15','15 원과 부채꼴',0,'ADMIN','2021-04-02 22:53:29',NULL,NULL),('M1207','16','16 다면체',0,'ADMIN','2021-04-02 22:53:29',NULL,NULL),('M1207','17','17 회전체',0,'ADMIN','2021-04-02 22:53:29',NULL,NULL),('M1207','18','18 입체도형의 겉넓이와 부피 ',0,'ADMIN','2021-04-02 22:53:30',NULL,NULL),('M1208','19','19 자료의 정리 ',0,'ADMIN','2021-04-02 22:53:30',NULL,NULL),('M1208','20','20 자료의 해석',0,'ADMIN','2021-04-02 22:53:30',NULL,NULL),('M2101','01','01 유리수와 소수',0,'ADMIN','2021-04-02 22:53:30',NULL,NULL),('M2101','02','02 단항식의 계산',0,'ADMIN','2021-04-02 22:53:30',NULL,NULL),('M2101','03','03 다항식의 계산',0,'ADMIN','2021-04-02 22:53:30',NULL,NULL),('M2102','04','04 일차부등식',0,'ADMIN','2021-04-02 22:53:30',NULL,NULL),('M2102','05','05 일차부등식의 활용',0,'ADMIN','2021-04-02 22:53:30',NULL,NULL),('M2103','06','06 연립일차방정식',0,'ADMIN','2021-04-02 22:53:30',NULL,NULL),('M2103','07','07 연립일차방정식의 풀이',0,'ADMIN','2021-04-02 22:53:30',NULL,NULL),('M2103','08','08 연립일차방정식의 활용',0,'ADMIN','2021-04-02 22:53:30',NULL,NULL),('M2104','09','09 일차함수와 그래프⑴',0,'ADMIN','2021-04-02 22:53:30',NULL,NULL),('M2104','10','10 일차함수와 그래프⑵',0,'ADMIN','2021-04-02 22:53:30',NULL,NULL),('M2104','11','11 일차함수와 일차방정식의 관계',0,'ADMIN','2021-04-02 22:53:30',NULL,NULL),('M2201','01','01 삼각형의 성질(1) ',0,'ADMIN','2021-04-02 22:53:30',NULL,NULL),('M2201','02','02 삼각형의 성질(2)',0,'ADMIN','2021-04-02 22:53:30',NULL,NULL),('M2202','03','03 평행사변형',0,'ADMIN','2021-04-02 22:53:30',NULL,NULL),('M2202','04','04 여러 가지 사각형 ',0,'ADMIN','2021-04-02 22:53:30',NULL,NULL),('M2203','05','05 도형의 닮음 ',0,'ADMIN','2021-04-02 22:53:30',NULL,NULL),('M2203','06','06 평행선 사이의 선분의 길이의 비 ',0,'ADMIN','2021-04-02 22:53:30',NULL,NULL),('M2203','07','07 삼각형의 무게중심',0,'ADMIN','2021-04-02 22:53:30',NULL,NULL),('M2203','08','08 닮음의 활용',0,'ADMIN','2021-04-02 22:53:30',NULL,NULL),('M2204','09','09 피타고라스 정리',0,'ADMIN','2021-04-02 22:53:30',NULL,NULL),('M2205','10','10 경우의 수',0,'ADMIN','2021-04-02 22:53:30',NULL,NULL),('M2205','11','11 확률',0,'ADMIN','2021-04-02 22:53:30',NULL,NULL),('M3101','01','01 제곱근의 뜻과 성질 ',0,'ADMIN','2021-04-02 22:53:30',NULL,NULL),('M3101','02','02 무리수와 실수 ',0,'ADMIN','2021-04-02 22:53:30',NULL,NULL),('M3101','03','03 근호를 포함한 식의 곱셈과 나눗셈',0,'ADMIN','2021-04-02 22:53:30',NULL,NULL),('M3101','04','04 근호를 포함한 식의 덧셈과 뺄셈',0,'ADMIN','2021-04-02 22:53:30',NULL,NULL),('M3102','05','05 다항식의 곱셈',0,'ADMIN','2021-04-02 22:53:30',NULL,NULL),('M3102','06','06 다항식의 인수분해',0,'ADMIN','2021-04-02 22:53:30',NULL,NULL),('M3102','07','07 인수분해 공식의 활용 ',0,'ADMIN','2021-04-02 22:53:30',NULL,NULL),('M3103','08','08 이차방정식의 풀이(1) ',0,'ADMIN','2021-04-02 22:53:30',NULL,NULL),('M3103','09','09 이차방정식의 풀이(2) ',0,'ADMIN','2021-04-02 22:53:30',NULL,NULL),('M3103','10','10 이차방정식의 활용',0,'ADMIN','2021-04-02 22:53:30',NULL,NULL),('M3104','11','11 이차함수의 그래프⑴',0,'ADMIN','2021-04-02 22:53:30',NULL,NULL),('M3104','12','12 이차함수의 그래프⑵',0,'ADMIN','2021-04-02 22:53:30',NULL,NULL),('M3201','01','01 삼각비 ',0,'ADMIN','2021-04-02 22:53:30',NULL,NULL),('M3201','02','02 삼각비의 활용 ',0,'ADMIN','2021-04-02 22:53:30',NULL,NULL),('M3202','03','03 원과 직선',0,'ADMIN','2021-04-02 22:53:30',NULL,NULL),('M3202','04','04 원주각',0,'ADMIN','2021-04-02 22:53:30',NULL,NULL),('M3202','05','05 원주각의 활용 ',0,'ADMIN','2021-04-02 22:53:30',NULL,NULL),('M3203','06','06 대푯값과 산포도 ',0,'ADMIN','2021-04-02 22:53:30',NULL,NULL),('M3203','07','07 상관관계',0,'ADMIN','2021-04-02 22:53:30',NULL,NULL),('type_group','A','A(기초그룹)',0,'ADMIN','2021-04-03 01:35:39',NULL,NULL),('type_group','B','B(필수그룹)',0,'ADMIN','2021-04-03 01:35:39',NULL,NULL),('type_group','C','C(사고력그룹)',0,'ADMIN','2021-04-03 01:35:39',NULL,NULL);
/*!40000 ALTER TABLE `code` ENABLE KEYS */;
UNLOCK TABLES;

--
-- Table structure for table `code_group`
--

DROP TABLE IF EXISTS `code_group`;
/*!40101 SET @saved_cs_client     = @@character_set_client */;
/*!50503 SET character_set_client = utf8mb4 */;
CREATE TABLE `code_group` (
  `code` varchar(20) NOT NULL COMMENT '코드',
  `code_name` varchar(100) NOT NULL COMMENT '코드명',
  `use_yn` int(1) NOT NULL DEFAULT '0' COMMENT '사용여부',
  `input_id` varchar(45) NOT NULL,
  `input_date` datetime NOT NULL,
  `update_id` varchar(45) DEFAULT NULL,
  `update_date` datetime DEFAULT NULL,
  PRIMARY KEY (`code`,`use_yn`)
) ENGINE=InnoDB DEFAULT CHARSET=utf8mb4 COLLATE=utf8mb4_0900_ai_ci COMMENT='코드 그룹';
/*!40101 SET character_set_client = @saved_cs_client */;

--
-- Dumping data for table `code_group`
--

LOCK TABLES `code_group` WRITE;
/*!40000 ALTER TABLE `code_group` DISABLE KEYS */;
INSERT INTO `code_group` VALUES ('category','대분류',0,'ADMIN','2021-04-02 22:50:22',NULL,NULL),('type_group','유형그룹',0,'ADMIN','2021-04-02 22:50:24',NULL,NULL);
/*!40000 ALTER TABLE `code_group` ENABLE KEYS */;
UNLOCK TABLES;

--
-- Table structure for table `curriculum`
--

DROP TABLE IF EXISTS `curriculum`;
/*!40101 SET @saved_cs_client     = @@character_set_client */;
/*!50503 SET character_set_client = utf8mb4 */;
CREATE TABLE `curriculum` (
  `cno` int(10) NOT NULL AUTO_INCREMENT,
  `year` int(4) NOT NULL,
  `grade` varchar(30) NOT NULL COMMENT '학년',
  `course` varchar(50) NOT NULL COMMENT '학기/과정',
  `large_category` varchar(100) DEFAULT NULL COMMENT '대분류',
  `medium_category` varchar(100) DEFAULT NULL COMMENT '중분류',
  `input_id` varchar(45) NOT NULL,
  `input_date` datetime NOT NULL,
  `update_id` varchar(45) DEFAULT NULL,
  `update_date` datetime DEFAULT NULL,
  PRIMARY KEY (`cno`)
) ENGINE=InnoDB AUTO_INCREMENT=125 DEFAULT CHARSET=utf8 COMMENT='커리큘럼';
/*!40101 SET character_set_client = @saved_cs_client */;

--
-- Dumping data for table `curriculum`
--

LOCK TABLES `curriculum` WRITE;
/*!40000 ALTER TABLE `curriculum` DISABLE KEYS */;
INSERT INTO `curriculum` VALUES (1,2021,'중1','1학기','M1101','01','admin','2021-04-02 22:56:10',NULL,NULL),(2,2021,'중1','1학기','M1101','02','admin','2021-04-02 22:56:10',NULL,NULL),(3,2021,'중1','1학기','M1102','03','admin','2021-04-02 22:56:10',NULL,NULL),(4,2021,'중1','1학기','M1102','04','admin','2021-04-02 22:56:10',NULL,NULL),(5,2021,'중1','1학기','M1103','05','admin','2021-04-02 22:56:10',NULL,NULL),(6,2021,'중1','1학기','M1103','06','admin','2021-04-02 22:56:10',NULL,NULL),(7,2021,'중1','1학기','M1103','07','admin','2021-04-02 22:56:10',NULL,NULL),(8,2021,'중1','1학기','M1104','08','admin','2021-04-02 22:56:10',NULL,NULL),(9,2021,'중1','1학기','M1104','09','admin','2021-04-02 22:56:10',NULL,NULL),(10,2021,'중1','2학기','M1205','10','admin','2021-04-02 22:56:10',NULL,NULL),(11,2021,'중1','2학기','M1205','11','admin','2021-04-02 22:56:10',NULL,NULL),(12,2021,'중1','2학기','M1205','12','admin','2021-04-02 22:56:10',NULL,NULL),(13,2021,'중1','2학기','M1205','13','admin','2021-04-02 22:56:10',NULL,NULL),(14,2021,'중1','2학기','M1206','14','admin','2021-04-02 22:56:10',NULL,NULL),(15,2021,'중1','2학기','M1206','15','admin','2021-04-02 22:56:10',NULL,NULL),(16,2021,'중1','2학기','M1207','16','admin','2021-04-02 22:56:10',NULL,NULL),(17,2021,'중1','2학기','M1207','17','admin','2021-04-02 22:56:10',NULL,NULL),(18,2021,'중1','2학기','M1207','18','admin','2021-04-02 22:56:10',NULL,NULL),(19,2021,'중1','2학기','M1208','19','admin','2021-04-02 22:56:10',NULL,NULL),(20,2021,'중1','2학기','M1208','20','admin','2021-04-02 22:56:10',NULL,NULL),(21,2021,'중2','1학기','M2101','01','admin','2021-04-02 22:56:10',NULL,NULL),(22,2021,'중2','1학기','M2101','02','admin','2021-04-02 22:56:10',NULL,NULL),(23,2021,'중2','1학기','M2101','03','admin','2021-04-02 22:56:11',NULL,NULL),(24,2021,'중2','1학기','M2102','04','admin','2021-04-02 22:56:11',NULL,NULL),(25,2021,'중2','1학기','M2102','05','admin','2021-04-02 22:56:11',NULL,NULL),(26,2021,'중2','1학기','M2103','06','admin','2021-04-02 22:56:11',NULL,NULL),(27,2021,'중2','1학기','M2103','07','admin','2021-04-02 22:56:11',NULL,NULL),(28,2021,'중2','1학기','M2103','08','admin','2021-04-02 22:56:11',NULL,NULL),(29,2021,'중2','1학기','M2104','09','admin','2021-04-02 22:56:11',NULL,NULL),(30,2021,'중2','1학기','M2104','10','admin','2021-04-02 22:56:11',NULL,NULL),(31,2021,'중2','1학기','M2104','11','admin','2021-04-02 22:56:11',NULL,NULL),(32,2021,'중2','2학기','M2201','01','admin','2021-04-02 22:56:11',NULL,NULL),(33,2021,'중2','2학기','M2201','02','admin','2021-04-02 22:56:11',NULL,NULL),(34,2021,'중2','2학기','M2202','03','admin','2021-04-02 22:56:11',NULL,NULL),(35,2021,'중2','2학기','M2202','04','admin','2021-04-02 22:56:11',NULL,NULL),(36,2021,'중2','2학기','M2203','05','admin','2021-04-02 22:56:11',NULL,NULL),(37,2021,'중2','2학기','M2203','06','admin','2021-04-02 22:56:11',NULL,NULL),(38,2021,'중2','2학기','M2203','07','admin','2021-04-02 22:56:11',NULL,NULL),(39,2021,'중2','2학기','M2203','08','admin','2021-04-02 22:56:11',NULL,NULL),(40,2021,'중2','2학기','M2204','09','admin','2021-04-02 22:56:11',NULL,NULL),(41,2021,'중2','2학기','M2205','10','admin','2021-04-02 22:56:11',NULL,NULL),(42,2021,'중2','2학기','M2205','11','admin','2021-04-02 22:56:11',NULL,NULL),(43,2021,'중3','1학기','M3101','01','admin','2021-04-02 22:56:11',NULL,NULL),(44,2021,'중3','1학기','M3101','02','admin','2021-04-02 22:56:11',NULL,NULL),(45,2021,'중3','1학기','M3101','03','admin','2021-04-02 22:56:11',NULL,NULL),(46,2021,'중3','1학기','M3101','04','admin','2021-04-02 22:56:11',NULL,NULL),(47,2021,'중3','1학기','M3102','05','admin','2021-04-02 22:56:11',NULL,NULL),(48,2021,'중3','1학기','M3102','06','admin','2021-04-02 22:56:11',NULL,NULL),(49,2021,'중3','1학기','M3102','07','admin','2021-04-02 22:56:11',NULL,NULL),(50,2021,'중3','1학기','M3103','08','admin','2021-04-02 22:56:11',NULL,NULL),(51,2021,'중3','1학기','M3103','09','admin','2021-04-02 22:56:11',NULL,NULL),(52,2021,'중3','1학기','M3103','10','admin','2021-04-02 22:56:11',NULL,NULL),(53,2021,'중3','1학기','M3104','11','admin','2021-04-02 22:56:11',NULL,NULL),(54,2021,'중3','1학기','M3104','12','admin','2021-04-02 22:56:11',NULL,NULL),(55,2021,'중3','2학기','M3201','01','admin','2021-04-02 22:56:11',NULL,NULL),(56,2021,'중3','2학기','M3201','02','admin','2021-04-02 22:56:11',NULL,NULL),(57,2021,'중3','2학기','M3202','03','admin','2021-04-02 22:56:11',NULL,NULL),(58,2021,'중3','2학기','M3202','04','admin','2021-04-02 22:56:11',NULL,NULL),(59,2021,'중3','2학기','M3202','05','admin','2021-04-02 22:56:11',NULL,NULL),(60,2021,'중3','2학기','M3203','06','admin','2021-04-02 22:56:11',NULL,NULL),(61,2021,'중3','2학기','M3203','07','admin','2021-04-02 22:56:11',NULL,NULL),(62,2021,'고1','고등수학(상)','H1101','01','admin','2021-04-02 22:56:11',NULL,NULL),(63,2021,'고1','고등수학(상)','H1101','02','admin','2021-04-02 22:56:11',NULL,NULL),(64,2021,'고1','고등수학(상)','H1102','03','admin','2021-04-02 22:56:11',NULL,NULL),(65,2021,'고1','고등수학(상)','H1102','04','admin','2021-04-02 22:56:11',NULL,NULL),(66,2021,'고1','고등수학(상)','H1102','05','admin','2021-04-02 22:56:11',NULL,NULL),(67,2021,'고1','고등수학(상)','H1102','06','admin','2021-04-02 22:56:11',NULL,NULL),(68,2021,'고1','고등수학(상)','H1103','07','admin','2021-04-02 22:56:11',NULL,NULL),(69,2021,'고1','고등수학(상)','H1103','08','admin','2021-04-02 22:56:11',NULL,NULL),(70,2021,'고1','고등수학(상)','H1104','09','admin','2021-04-02 22:56:11',NULL,NULL),(71,2021,'고1','고등수학(상)','H1104','10','admin','2021-04-02 22:56:11',NULL,NULL),(72,2021,'고1','고등수학(상)','H1104','11','admin','2021-04-02 22:56:11',NULL,NULL),(73,2021,'고1','고등수학(하)','H1205','12','admin','2021-04-02 22:56:11',NULL,NULL),(74,2021,'고1','고등수학(하)','H1205','13','admin','2021-04-02 22:56:11',NULL,NULL),(75,2021,'고1','고등수학(하)','H1205','14','admin','2021-04-02 22:56:11',NULL,NULL),(76,2021,'고1','고등수학(하)','H1206','15','admin','2021-04-02 22:56:11',NULL,NULL),(77,2021,'고1','고등수학(하)','H1206','16','admin','2021-04-02 22:56:11',NULL,NULL),(78,2021,'고1','고등수학(하)','H1206','17','admin','2021-04-02 22:56:11',NULL,NULL),(79,2021,'고1','고등수학(하)','H1207','18','admin','2021-04-02 22:56:11',NULL,NULL),(80,2021,'고2','수학1','H2101','01','admin','2021-04-02 22:56:11',NULL,NULL),(81,2021,'고2','수학1','H2101','02','admin','2021-04-02 22:56:11',NULL,NULL),(82,2021,'고2','수학1','H2101','03','admin','2021-04-02 22:56:11',NULL,NULL),(83,2021,'고2','수학1','H2101','04','admin','2021-04-02 22:56:11',NULL,NULL),(84,2021,'고2','수학1','H2102','05','admin','2021-04-02 22:56:11',NULL,NULL),(85,2021,'고2','수학1','H2102','06','admin','2021-04-02 22:56:11',NULL,NULL),(86,2021,'고2','수학1','H2102','07','admin','2021-04-02 22:56:11',NULL,NULL),(87,2021,'고2','수학1','H2103','08','admin','2021-04-02 22:56:11',NULL,NULL),(88,2021,'고2','수학1','H2103','09','admin','2021-04-02 22:56:11',NULL,NULL),(89,2021,'고2','수학1','H2103','10','admin','2021-04-02 22:56:11',NULL,NULL),(90,2021,'고2','수학2','H2201','01','admin','2021-04-02 22:56:11',NULL,NULL),(91,2021,'고2','수학2','H2201','02','admin','2021-04-02 22:56:11',NULL,NULL),(92,2021,'고2','수학2','H2202','03','admin','2021-04-02 22:56:11',NULL,NULL),(93,2021,'고2','수학2','H2202','04','admin','2021-04-02 22:56:11',NULL,NULL),(94,2021,'고2','수학2','H2202','05','admin','2021-04-02 22:56:11',NULL,NULL),(95,2021,'고2','수학2','H2202','06','admin','2021-04-02 22:56:11',NULL,NULL),(96,2021,'고2','수학2','H2203','07','admin','2021-04-02 22:56:11',NULL,NULL),(97,2021,'고2','수학2','H2203','08','admin','2021-04-02 22:56:11',NULL,NULL),(98,2021,'고2','수학2','H2203','09','admin','2021-04-02 22:56:11',NULL,NULL),(99,2021,'고2','확률과 통계','H2301','01','admin','2021-04-02 22:56:11',NULL,NULL),(100,2021,'고2','확률과 통계','H2301','02','admin','2021-04-02 22:56:11',NULL,NULL),(101,2021,'고2','확률과 통계','H2302','03','admin','2021-04-02 22:56:11',NULL,NULL),(102,2021,'고2','확률과 통계','H2302','04','admin','2021-04-02 22:56:11',NULL,NULL),(103,2021,'고2','확률과 통계','H2303','05','admin','2021-04-02 22:56:11',NULL,NULL),(104,2021,'고2','확률과 통계','H2303','06','admin','2021-04-02 22:56:11',NULL,NULL),(105,2021,'고2','확률과 통계','H2303','07','admin','2021-04-02 22:56:11',NULL,NULL),(106,2021,'고2','기하','H2401','01','admin','2021-04-02 22:56:11',NULL,NULL),(107,2021,'고2','기하','H2401','02','admin','2021-04-02 22:56:11',NULL,NULL),(108,2021,'고2','기하','H2402','03','admin','2021-04-02 22:56:11',NULL,NULL),(109,2021,'고2','기하','H2402','04','admin','2021-04-02 22:56:11',NULL,NULL),(110,2021,'고2','기하','H2403','05','admin','2021-04-02 22:56:11',NULL,NULL),(111,2021,'고2','기하','H2403','06','admin','2021-04-02 22:56:11',NULL,NULL),(112,2021,'고3','미적분','H3101','01','admin','2021-04-02 22:56:11',NULL,NULL),(113,2021,'고3','미적분','H3101','02','admin','2021-04-02 22:56:11',NULL,NULL),(114,2021,'고3','미적분','H3102','03','admin','2021-04-02 22:56:11',NULL,NULL),(115,2021,'고3','미적분','H3102','04','admin','2021-04-02 22:56:11',NULL,NULL),(116,2021,'고3','미적분','H3103','05','admin','2021-04-02 22:56:11',NULL,NULL),(117,2021,'고3','미적분','H3103','06','admin','2021-04-02 22:56:11',NULL,NULL),(118,2021,'고3','미적분','H3103','07','admin','2021-04-02 22:56:12',NULL,NULL),(119,2021,'고3','미적분','H3104','08','admin','2021-04-02 22:56:12',NULL,NULL),(120,2021,'고3','미적분','H3104','09','admin','2021-04-02 22:56:12',NULL,NULL),(121,2021,'고3','미적분','H3104','10','admin','2021-04-02 22:56:12',NULL,NULL),(122,2021,'고3','수능 개념','','','admin','2021-04-02 22:56:12',NULL,NULL),(123,2021,'고3','수능 모의고사','','','admin','2021-04-02 22:56:12',NULL,NULL),(124,2021,'중등','연산 총 정리반','','','admin','2021-04-02 22:56:12',NULL,NULL);
/*!40000 ALTER TABLE `curriculum` ENABLE KEYS */;
UNLOCK TABLES;

--
-- Table structure for table `exam_item`
--

DROP TABLE IF EXISTS `exam_item`;
/*!40101 SET @saved_cs_client     = @@character_set_client */;
/*!50503 SET character_set_client = utf8mb4 */;
CREATE TABLE `exam_item` (
  `exam_no` int(20) NOT NULL,
  `no` int(4) NOT NULL COMMENT '문제순서',
  `item_no` int(30) NOT NULL,
  `question_type` varchar(2) NOT NULL COMMENT '문제형태(객관식/주관식)',
  `question` varchar(1024) NOT NULL,
  `choice1` varchar(1024) DEFAULT NULL COMMENT '객관식 보기1',
  `choice2` varchar(1024) DEFAULT NULL COMMENT '객관식 보기2',
  `choice3` varchar(1024) DEFAULT NULL COMMENT '객관식 보기3',
  `choice4` varchar(1024) DEFAULT NULL COMMENT '객관식 보기4',
  `choice5` varchar(1024) DEFAULT NULL COMMENT '객관식 보기5',
  `file_path` varchar(500) DEFAULT NULL,
  `mark_type` int(1) NOT NULL COMMENT '채점 방법(자동/수동)',
  `answer` varchar(1024) DEFAULT NULL COMMENT '주관식 답',
  `answer_path` varchar(500) DEFAULT NULL COMMENT '주관식 답 image',
  `input_id` varchar(45) NOT NULL,
  `input_date` datetime NOT NULL,
  `update_id` varchar(45) DEFAULT NULL,
  `update_date` datetime DEFAULT NULL,
  PRIMARY KEY (`exam_no`,`no`,`item_no`),
  KEY `fk_exam_item_exam_list1_idx` (`exam_no`),
  KEY `fk_exam_item_item_pool1_idx` (`item_no`)
) ENGINE=InnoDB DEFAULT CHARSET=utf8mb4 COLLATE=utf8mb4_0900_ai_ci COMMENT='문제출제';
/*!40101 SET character_set_client = @saved_cs_client */;

--
-- Dumping data for table `exam_item`
--

LOCK TABLES `exam_item` WRITE;
/*!40000 ALTER TABLE `exam_item` DISABLE KEYS */;
INSERT INTO `exam_item` VALUES (1,1,1,'S','세 점 A(-2,0), B(4,0), C(2,4)를 꼭지점으로 하는 삼각형 ABC의 외심의 좌표를 구하여라.','','','','','',NULL,1,'',NULL,'ADMIN','2021-04-03 03:53:46',NULL,NULL),(1,2,2,'M','정희는 매일 같은 양의 일을 하는 병수를 도우려고 한다. 첫째 날은 병수와 정희가 함께 2시간 동안 작업하여 끝냈고, 둘째 날은 병수 혼자서 3시간 동안 한 후 정희와 함께 1시간 동안 작업하여 끝냈다. 만약 셋째 날에 이 일을 정희 혼자서 작업한다면 몇 시간이 걸리는가?','① 1시간','② 3시간','③ 5시간','④ 6시간','⑤ 10시간',NULL,0,'2',NULL,'ADMIN','2021-04-03 03:53:46',NULL,NULL),(1,3,3,'S','내가 나의 아버지의 현재 나이만큼 되었을 때, 나의 나이는 내 아들의 현재 나이의 5배가 될 것이고, 그때의 내 아들의 나이는 나의 현재 나이보다 8살이 많을 것이다.  나의 아버지와 나의 현재 나이를 합하면 100살일 때, 내 아들의 현재 나이는 몇 살인지 구하여라. ','','','','','',NULL,1,'13살',NULL,'ADMIN','2021-04-03 03:53:46',NULL,NULL),(1,4,4,'S','한 개에 각각 200원, 600원 하는 세 종류의 상품이 있다.  6000원을 가지고 세 종류의 상품 16개를 사면 거스름돈이 남지 않는다.  600원짜리를 가능한 많이 사면 최대 M개 살 수 있고, 200원짜리를 가능한 적게 사면 최소 N개 살 수 있을 때, M+N의 값을 구하여라. (단, 세 종류의 상품을 각각 1개 이상은 사야 한다.)','','','','','',NULL,0,'9',NULL,'ADMIN','2021-04-03 03:53:46',NULL,NULL),(1,5,5,'S','둘레의 길이가 1.2Km 인 운동장을 형과 동생이 같은 지점에서 동시에 출발하여 같은 방향으로 달리면 출발한 지 10분 만에 처음으로 만나고, 다른 방향으로 달리면 출발한 지 4분 만에 처음으로 만난다고 한다.  형이 동생보다 빨리 달린다고 할 때, 형과 동생의 달리는 속력의 비를 가장 간단한 자연수의 비로 나타내어라. ','','','','','',NULL,1,'7 대 3',NULL,'ADMIN','2021-04-03 03:53:46',NULL,NULL),(1,6,6,'S','어느 학교의 작년 학생 수가 500명이었는데, 올해는 남학생 수가 4% 감소하고, 여학생 수가 6% 증가하여 작년에 비해 전체 학생 수가 1% 감소하였다.  이때, 올해 남학생 수와 여학생 수를 각각 구하여라. ','','','','','',NULL,1,'남 336  여 159',NULL,'ADMIN','2021-04-03 03:53:46',NULL,NULL),(1,7,7,'M','십의 자리의 숫자와 일의 자리의 숫자의 합이 12인 두 자리의 자연수가 있다.  이 자연수의 십의 자리의 숫자와 일의 자리의 숫자를 바꾼 수는 처음 수의 2배보다 크다고 한다. 이때, 처음 수를 구하여라. ','① 35','② 36','③ 37','④ 38','⑤ 39',NULL,0,'5',NULL,'ADMIN','2021-04-03 03:53:46',NULL,NULL),(1,8,8,'S','원가에 3할의 이익을 붙여서 정가를 정한 상품이 있다.  유행이 지나서 할인 판매를 해도 손해가 없이 팔려면 몇 %까지 할인하면 되는지 구하여라. (단, 소수 첫째 자리에서 반올림한다.)','','','','','',NULL,1,'0.23',NULL,'ADMIN','2021-04-03 03:53:46',NULL,NULL),(1,9,9,'S','어떤 음악회에서 5분짜리 곡과 7분짜리 곡을 섞어서 연주하여 총 공연 시간을 1시간 25분으로 계획했으나 오케스트라측과 협의하여 5분짜리 곡과 7분짜리 곡의 수를 바꾸어 연주하였더니 총 공연 시간이 1시간 32분과 1시간 36분 사이가 되었다.  곡과 곡 사이에는 1분씩 쉬는 시간이 있다고 할 때, 처음에 연주하려고 계획한 7분짜리 곡은 몇 곡인지 구하여라. ','','','','','',NULL,1,'4곡',NULL,'ADMIN','2021-04-03 03:53:46',NULL,NULL),(1,10,10,'S','어느 공항에서 비행기 표를 발매하기 시작했을 때 이미 300명이 줄을 서 있었고, 1분마다 10명의 새로운 사람들이 줄을 선다고 한다.  발매 창구가 3개일 때, 줄 서 있는 사람들이 모두 비행기 표를 구매하는 데 15분이 걸린다. 8분 이내에 줄 서 있는 사람들이 모두 비행기 표를 구매하기 위해서는 현재 3개인 발매 창구가 적어도 몇 개 더 있어야 하는지 구하여라. ','','','','','',NULL,1,'2개',NULL,'ADMIN','2021-04-03 03:53:46',NULL,NULL),(2,1,1,'S','세 점 A(-2,0), B(4,0), C(2,4)를 꼭지점으로 하는 삼각형 ABC의 외심의 좌표를 구하여라.','','','','','',NULL,1,'',NULL,'ADMIN','2021-04-03 03:53:54',NULL,NULL),(2,2,2,'M','정희는 매일 같은 양의 일을 하는 병수를 도우려고 한다. 첫째 날은 병수와 정희가 함께 2시간 동안 작업하여 끝냈고, 둘째 날은 병수 혼자서 3시간 동안 한 후 정희와 함께 1시간 동안 작업하여 끝냈다. 만약 셋째 날에 이 일을 정희 혼자서 작업한다면 몇 시간이 걸리는가?','① 1시간','② 3시간','③ 5시간','④ 6시간','⑤ 10시간',NULL,0,'2',NULL,'ADMIN','2021-04-03 03:53:54',NULL,NULL),(2,3,3,'S','내가 나의 아버지의 현재 나이만큼 되었을 때, 나의 나이는 내 아들의 현재 나이의 5배가 될 것이고, 그때의 내 아들의 나이는 나의 현재 나이보다 8살이 많을 것이다.  나의 아버지와 나의 현재 나이를 합하면 100살일 때, 내 아들의 현재 나이는 몇 살인지 구하여라. ','','','','','',NULL,1,'13살',NULL,'ADMIN','2021-04-03 03:53:54',NULL,NULL),(2,4,4,'S','한 개에 각각 200원, 600원 하는 세 종류의 상품이 있다.  6000원을 가지고 세 종류의 상품 16개를 사면 거스름돈이 남지 않는다.  600원짜리를 가능한 많이 사면 최대 M개 살 수 있고, 200원짜리를 가능한 적게 사면 최소 N개 살 수 있을 때, M+N의 값을 구하여라. (단, 세 종류의 상품을 각각 1개 이상은 사야 한다.)','','','','','',NULL,0,'9',NULL,'ADMIN','2021-04-03 03:53:54',NULL,NULL),(2,5,5,'S','둘레의 길이가 1.2Km 인 운동장을 형과 동생이 같은 지점에서 동시에 출발하여 같은 방향으로 달리면 출발한 지 10분 만에 처음으로 만나고, 다른 방향으로 달리면 출발한 지 4분 만에 처음으로 만난다고 한다.  형이 동생보다 빨리 달린다고 할 때, 형과 동생의 달리는 속력의 비를 가장 간단한 자연수의 비로 나타내어라. ','','','','','',NULL,1,'7 대 3',NULL,'ADMIN','2021-04-03 03:53:54',NULL,NULL),(2,6,6,'S','어느 학교의 작년 학생 수가 500명이었는데, 올해는 남학생 수가 4% 감소하고, 여학생 수가 6% 증가하여 작년에 비해 전체 학생 수가 1% 감소하였다.  이때, 올해 남학생 수와 여학생 수를 각각 구하여라. ','','','','','',NULL,1,'남 336  여 159',NULL,'ADMIN','2021-04-03 03:53:54',NULL,NULL),(2,7,7,'M','십의 자리의 숫자와 일의 자리의 숫자의 합이 12인 두 자리의 자연수가 있다.  이 자연수의 십의 자리의 숫자와 일의 자리의 숫자를 바꾼 수는 처음 수의 2배보다 크다고 한다. 이때, 처음 수를 구하여라. ','① 35','② 36','③ 37','④ 38','⑤ 39',NULL,0,'5',NULL,'ADMIN','2021-04-03 03:53:54',NULL,NULL),(2,8,8,'S','원가에 3할의 이익을 붙여서 정가를 정한 상품이 있다.  유행이 지나서 할인 판매를 해도 손해가 없이 팔려면 몇 %까지 할인하면 되는지 구하여라. (단, 소수 첫째 자리에서 반올림한다.)','','','','','',NULL,1,'0.23',NULL,'ADMIN','2021-04-03 03:53:54',NULL,NULL),(2,9,9,'S','어떤 음악회에서 5분짜리 곡과 7분짜리 곡을 섞어서 연주하여 총 공연 시간을 1시간 25분으로 계획했으나 오케스트라측과 협의하여 5분짜리 곡과 7분짜리 곡의 수를 바꾸어 연주하였더니 총 공연 시간이 1시간 32분과 1시간 36분 사이가 되었다.  곡과 곡 사이에는 1분씩 쉬는 시간이 있다고 할 때, 처음에 연주하려고 계획한 7분짜리 곡은 몇 곡인지 구하여라. ','','','','','',NULL,1,'4곡',NULL,'ADMIN','2021-04-03 03:53:54',NULL,NULL),(2,10,10,'S','어느 공항에서 비행기 표를 발매하기 시작했을 때 이미 300명이 줄을 서 있었고, 1분마다 10명의 새로운 사람들이 줄을 선다고 한다.  발매 창구가 3개일 때, 줄 서 있는 사람들이 모두 비행기 표를 구매하는 데 15분이 걸린다. 8분 이내에 줄 서 있는 사람들이 모두 비행기 표를 구매하기 위해서는 현재 3개인 발매 창구가 적어도 몇 개 더 있어야 하는지 구하여라. ','','','','','',NULL,1,'2개',NULL,'ADMIN','2021-04-03 03:53:54',NULL,NULL),(3,1,1,'S','세 점 A(-2,0), B(4,0), C(2,4)를 꼭지점으로 하는 삼각형 ABC의 외심의 좌표를 구하여라.','','','','','',NULL,1,'',NULL,'ADMIN','2021-04-03 03:53:59',NULL,NULL),(3,2,2,'M','정희는 매일 같은 양의 일을 하는 병수를 도우려고 한다. 첫째 날은 병수와 정희가 함께 2시간 동안 작업하여 끝냈고, 둘째 날은 병수 혼자서 3시간 동안 한 후 정희와 함께 1시간 동안 작업하여 끝냈다. 만약 셋째 날에 이 일을 정희 혼자서 작업한다면 몇 시간이 걸리는가?','① 1시간','② 3시간','③ 5시간','④ 6시간','⑤ 10시간',NULL,0,'2',NULL,'ADMIN','2021-04-03 03:53:59',NULL,NULL),(3,3,3,'S','내가 나의 아버지의 현재 나이만큼 되었을 때, 나의 나이는 내 아들의 현재 나이의 5배가 될 것이고, 그때의 내 아들의 나이는 나의 현재 나이보다 8살이 많을 것이다.  나의 아버지와 나의 현재 나이를 합하면 100살일 때, 내 아들의 현재 나이는 몇 살인지 구하여라. ','','','','','',NULL,1,'13살',NULL,'ADMIN','2021-04-03 03:53:59',NULL,NULL),(3,4,4,'S','한 개에 각각 200원, 600원 하는 세 종류의 상품이 있다.  6000원을 가지고 세 종류의 상품 16개를 사면 거스름돈이 남지 않는다.  600원짜리를 가능한 많이 사면 최대 M개 살 수 있고, 200원짜리를 가능한 적게 사면 최소 N개 살 수 있을 때, M+N의 값을 구하여라. (단, 세 종류의 상품을 각각 1개 이상은 사야 한다.)','','','','','',NULL,0,'9',NULL,'ADMIN','2021-04-03 03:53:59',NULL,NULL),(3,5,5,'S','둘레의 길이가 1.2Km 인 운동장을 형과 동생이 같은 지점에서 동시에 출발하여 같은 방향으로 달리면 출발한 지 10분 만에 처음으로 만나고, 다른 방향으로 달리면 출발한 지 4분 만에 처음으로 만난다고 한다.  형이 동생보다 빨리 달린다고 할 때, 형과 동생의 달리는 속력의 비를 가장 간단한 자연수의 비로 나타내어라. ','','','','','',NULL,1,'7 대 3',NULL,'ADMIN','2021-04-03 03:53:59',NULL,NULL),(3,6,6,'S','어느 학교의 작년 학생 수가 500명이었는데, 올해는 남학생 수가 4% 감소하고, 여학생 수가 6% 증가하여 작년에 비해 전체 학생 수가 1% 감소하였다.  이때, 올해 남학생 수와 여학생 수를 각각 구하여라. ','','','','','',NULL,1,'남 336  여 159',NULL,'ADMIN','2021-04-03 03:53:59',NULL,NULL),(3,7,7,'M','십의 자리의 숫자와 일의 자리의 숫자의 합이 12인 두 자리의 자연수가 있다.  이 자연수의 십의 자리의 숫자와 일의 자리의 숫자를 바꾼 수는 처음 수의 2배보다 크다고 한다. 이때, 처음 수를 구하여라. ','① 35','② 36','③ 37','④ 38','⑤ 39',NULL,0,'5',NULL,'ADMIN','2021-04-03 03:53:59',NULL,NULL),(3,8,8,'S','원가에 3할의 이익을 붙여서 정가를 정한 상품이 있다.  유행이 지나서 할인 판매를 해도 손해가 없이 팔려면 몇 %까지 할인하면 되는지 구하여라. (단, 소수 첫째 자리에서 반올림한다.)','','','','','',NULL,1,'0.23',NULL,'ADMIN','2021-04-03 03:53:59',NULL,NULL),(3,9,9,'S','어떤 음악회에서 5분짜리 곡과 7분짜리 곡을 섞어서 연주하여 총 공연 시간을 1시간 25분으로 계획했으나 오케스트라측과 협의하여 5분짜리 곡과 7분짜리 곡의 수를 바꾸어 연주하였더니 총 공연 시간이 1시간 32분과 1시간 36분 사이가 되었다.  곡과 곡 사이에는 1분씩 쉬는 시간이 있다고 할 때, 처음에 연주하려고 계획한 7분짜리 곡은 몇 곡인지 구하여라. ','','','','','',NULL,1,'4곡',NULL,'ADMIN','2021-04-03 03:53:59',NULL,NULL),(3,10,10,'S','어느 공항에서 비행기 표를 발매하기 시작했을 때 이미 300명이 줄을 서 있었고, 1분마다 10명의 새로운 사람들이 줄을 선다고 한다.  발매 창구가 3개일 때, 줄 서 있는 사람들이 모두 비행기 표를 구매하는 데 15분이 걸린다. 8분 이내에 줄 서 있는 사람들이 모두 비행기 표를 구매하기 위해서는 현재 3개인 발매 창구가 적어도 몇 개 더 있어야 하는지 구하여라. ','','','','','',NULL,1,'2개',NULL,'ADMIN','2021-04-03 03:53:59',NULL,NULL),(4,1,1,'S','세 점 A(-2,0), B(4,0), C(2,4)를 꼭지점으로 하는 삼각형 ABC의 외심의 좌표를 구하여라.','','','','','',NULL,1,'',NULL,'ADMIN','2021-04-03 03:54:04',NULL,NULL),(4,2,2,'M','정희는 매일 같은 양의 일을 하는 병수를 도우려고 한다. 첫째 날은 병수와 정희가 함께 2시간 동안 작업하여 끝냈고, 둘째 날은 병수 혼자서 3시간 동안 한 후 정희와 함께 1시간 동안 작업하여 끝냈다. 만약 셋째 날에 이 일을 정희 혼자서 작업한다면 몇 시간이 걸리는가?','① 1시간','② 3시간','③ 5시간','④ 6시간','⑤ 10시간',NULL,0,'2',NULL,'ADMIN','2021-04-03 03:54:04',NULL,NULL),(4,3,3,'S','내가 나의 아버지의 현재 나이만큼 되었을 때, 나의 나이는 내 아들의 현재 나이의 5배가 될 것이고, 그때의 내 아들의 나이는 나의 현재 나이보다 8살이 많을 것이다.  나의 아버지와 나의 현재 나이를 합하면 100살일 때, 내 아들의 현재 나이는 몇 살인지 구하여라. ','','','','','',NULL,1,'13살',NULL,'ADMIN','2021-04-03 03:54:04',NULL,NULL),(4,4,4,'S','한 개에 각각 200원, 600원 하는 세 종류의 상품이 있다.  6000원을 가지고 세 종류의 상품 16개를 사면 거스름돈이 남지 않는다.  600원짜리를 가능한 많이 사면 최대 M개 살 수 있고, 200원짜리를 가능한 적게 사면 최소 N개 살 수 있을 때, M+N의 값을 구하여라. (단, 세 종류의 상품을 각각 1개 이상은 사야 한다.)','','','','','',NULL,0,'9',NULL,'ADMIN','2021-04-03 03:54:04',NULL,NULL),(4,5,5,'S','둘레의 길이가 1.2Km 인 운동장을 형과 동생이 같은 지점에서 동시에 출발하여 같은 방향으로 달리면 출발한 지 10분 만에 처음으로 만나고, 다른 방향으로 달리면 출발한 지 4분 만에 처음으로 만난다고 한다.  형이 동생보다 빨리 달린다고 할 때, 형과 동생의 달리는 속력의 비를 가장 간단한 자연수의 비로 나타내어라. ','','','','','',NULL,1,'7 대 3',NULL,'ADMIN','2021-04-03 03:54:04',NULL,NULL),(4,6,6,'S','어느 학교의 작년 학생 수가 500명이었는데, 올해는 남학생 수가 4% 감소하고, 여학생 수가 6% 증가하여 작년에 비해 전체 학생 수가 1% 감소하였다.  이때, 올해 남학생 수와 여학생 수를 각각 구하여라. ','','','','','',NULL,1,'남 336  여 159',NULL,'ADMIN','2021-04-03 03:54:04',NULL,NULL),(4,7,7,'M','십의 자리의 숫자와 일의 자리의 숫자의 합이 12인 두 자리의 자연수가 있다.  이 자연수의 십의 자리의 숫자와 일의 자리의 숫자를 바꾼 수는 처음 수의 2배보다 크다고 한다. 이때, 처음 수를 구하여라. ','① 35','② 36','③ 37','④ 38','⑤ 39',NULL,0,'5',NULL,'ADMIN','2021-04-03 03:54:04',NULL,NULL),(4,8,8,'S','원가에 3할의 이익을 붙여서 정가를 정한 상품이 있다.  유행이 지나서 할인 판매를 해도 손해가 없이 팔려면 몇 %까지 할인하면 되는지 구하여라. (단, 소수 첫째 자리에서 반올림한다.)','','','','','',NULL,1,'0.23',NULL,'ADMIN','2021-04-03 03:54:04',NULL,NULL),(4,9,9,'S','어떤 음악회에서 5분짜리 곡과 7분짜리 곡을 섞어서 연주하여 총 공연 시간을 1시간 25분으로 계획했으나 오케스트라측과 협의하여 5분짜리 곡과 7분짜리 곡의 수를 바꾸어 연주하였더니 총 공연 시간이 1시간 32분과 1시간 36분 사이가 되었다.  곡과 곡 사이에는 1분씩 쉬는 시간이 있다고 할 때, 처음에 연주하려고 계획한 7분짜리 곡은 몇 곡인지 구하여라. ','','','','','',NULL,1,'4곡',NULL,'ADMIN','2021-04-03 03:54:04',NULL,NULL),(4,10,10,'S','어느 공항에서 비행기 표를 발매하기 시작했을 때 이미 300명이 줄을 서 있었고, 1분마다 10명의 새로운 사람들이 줄을 선다고 한다.  발매 창구가 3개일 때, 줄 서 있는 사람들이 모두 비행기 표를 구매하는 데 15분이 걸린다. 8분 이내에 줄 서 있는 사람들이 모두 비행기 표를 구매하기 위해서는 현재 3개인 발매 창구가 적어도 몇 개 더 있어야 하는지 구하여라. ','','','','','',NULL,1,'2개',NULL,'ADMIN','2021-04-03 03:54:04',NULL,NULL),(5,1,1,'S','세 점 A(-2,0), B(4,0), C(2,4)를 꼭지점으로 하는 삼각형 ABC의 외심의 좌표를 구하여라.','','','','','',NULL,1,'',NULL,'ADMIN','2021-04-03 03:54:08',NULL,NULL),(5,2,2,'M','정희는 매일 같은 양의 일을 하는 병수를 도우려고 한다. 첫째 날은 병수와 정희가 함께 2시간 동안 작업하여 끝냈고, 둘째 날은 병수 혼자서 3시간 동안 한 후 정희와 함께 1시간 동안 작업하여 끝냈다. 만약 셋째 날에 이 일을 정희 혼자서 작업한다면 몇 시간이 걸리는가?','① 1시간','② 3시간','③ 5시간','④ 6시간','⑤ 10시간',NULL,0,'2',NULL,'ADMIN','2021-04-03 03:54:08',NULL,NULL),(5,3,3,'S','내가 나의 아버지의 현재 나이만큼 되었을 때, 나의 나이는 내 아들의 현재 나이의 5배가 될 것이고, 그때의 내 아들의 나이는 나의 현재 나이보다 8살이 많을 것이다.  나의 아버지와 나의 현재 나이를 합하면 100살일 때, 내 아들의 현재 나이는 몇 살인지 구하여라. ','','','','','',NULL,1,'13살',NULL,'ADMIN','2021-04-03 03:54:08',NULL,NULL),(5,4,4,'S','한 개에 각각 200원, 600원 하는 세 종류의 상품이 있다.  6000원을 가지고 세 종류의 상품 16개를 사면 거스름돈이 남지 않는다.  600원짜리를 가능한 많이 사면 최대 M개 살 수 있고, 200원짜리를 가능한 적게 사면 최소 N개 살 수 있을 때, M+N의 값을 구하여라. (단, 세 종류의 상품을 각각 1개 이상은 사야 한다.)','','','','','',NULL,0,'9',NULL,'ADMIN','2021-04-03 03:54:08',NULL,NULL),(5,5,5,'S','둘레의 길이가 1.2Km 인 운동장을 형과 동생이 같은 지점에서 동시에 출발하여 같은 방향으로 달리면 출발한 지 10분 만에 처음으로 만나고, 다른 방향으로 달리면 출발한 지 4분 만에 처음으로 만난다고 한다.  형이 동생보다 빨리 달린다고 할 때, 형과 동생의 달리는 속력의 비를 가장 간단한 자연수의 비로 나타내어라. ','','','','','',NULL,1,'7 대 3',NULL,'ADMIN','2021-04-03 03:54:08',NULL,NULL),(5,6,6,'S','어느 학교의 작년 학생 수가 500명이었는데, 올해는 남학생 수가 4% 감소하고, 여학생 수가 6% 증가하여 작년에 비해 전체 학생 수가 1% 감소하였다.  이때, 올해 남학생 수와 여학생 수를 각각 구하여라. ','','','','','',NULL,1,'남 336  여 159',NULL,'ADMIN','2021-04-03 03:54:08',NULL,NULL),(5,7,7,'M','십의 자리의 숫자와 일의 자리의 숫자의 합이 12인 두 자리의 자연수가 있다.  이 자연수의 십의 자리의 숫자와 일의 자리의 숫자를 바꾼 수는 처음 수의 2배보다 크다고 한다. 이때, 처음 수를 구하여라. ','① 35','② 36','③ 37','④ 38','⑤ 39',NULL,0,'5',NULL,'ADMIN','2021-04-03 03:54:08',NULL,NULL),(5,8,8,'S','원가에 3할의 이익을 붙여서 정가를 정한 상품이 있다.  유행이 지나서 할인 판매를 해도 손해가 없이 팔려면 몇 %까지 할인하면 되는지 구하여라. (단, 소수 첫째 자리에서 반올림한다.)','','','','','',NULL,1,'0.23',NULL,'ADMIN','2021-04-03 03:54:08',NULL,NULL),(5,9,9,'S','어떤 음악회에서 5분짜리 곡과 7분짜리 곡을 섞어서 연주하여 총 공연 시간을 1시간 25분으로 계획했으나 오케스트라측과 협의하여 5분짜리 곡과 7분짜리 곡의 수를 바꾸어 연주하였더니 총 공연 시간이 1시간 32분과 1시간 36분 사이가 되었다.  곡과 곡 사이에는 1분씩 쉬는 시간이 있다고 할 때, 처음에 연주하려고 계획한 7분짜리 곡은 몇 곡인지 구하여라. ','','','','','',NULL,1,'4곡',NULL,'ADMIN','2021-04-03 03:54:08',NULL,NULL),(5,10,10,'S','어느 공항에서 비행기 표를 발매하기 시작했을 때 이미 300명이 줄을 서 있었고, 1분마다 10명의 새로운 사람들이 줄을 선다고 한다.  발매 창구가 3개일 때, 줄 서 있는 사람들이 모두 비행기 표를 구매하는 데 15분이 걸린다. 8분 이내에 줄 서 있는 사람들이 모두 비행기 표를 구매하기 위해서는 현재 3개인 발매 창구가 적어도 몇 개 더 있어야 하는지 구하여라. ','','','','','',NULL,1,'2개',NULL,'ADMIN','2021-04-03 03:54:08',NULL,NULL),(6,1,1,'S','세 점 A(-2,0), B(4,0), C(2,4)를 꼭지점으로 하는 삼각형 ABC의 외심의 좌표를 구하여라.','','','','','',NULL,1,'',NULL,'ADMIN','2021-04-03 03:54:12',NULL,NULL),(6,2,2,'M','정희는 매일 같은 양의 일을 하는 병수를 도우려고 한다. 첫째 날은 병수와 정희가 함께 2시간 동안 작업하여 끝냈고, 둘째 날은 병수 혼자서 3시간 동안 한 후 정희와 함께 1시간 동안 작업하여 끝냈다. 만약 셋째 날에 이 일을 정희 혼자서 작업한다면 몇 시간이 걸리는가?','① 1시간','② 3시간','③ 5시간','④ 6시간','⑤ 10시간',NULL,0,'2',NULL,'ADMIN','2021-04-03 03:54:12',NULL,NULL),(6,3,3,'S','내가 나의 아버지의 현재 나이만큼 되었을 때, 나의 나이는 내 아들의 현재 나이의 5배가 될 것이고, 그때의 내 아들의 나이는 나의 현재 나이보다 8살이 많을 것이다.  나의 아버지와 나의 현재 나이를 합하면 100살일 때, 내 아들의 현재 나이는 몇 살인지 구하여라. ','','','','','',NULL,1,'13살',NULL,'ADMIN','2021-04-03 03:54:12',NULL,NULL),(6,4,4,'S','한 개에 각각 200원, 600원 하는 세 종류의 상품이 있다.  6000원을 가지고 세 종류의 상품 16개를 사면 거스름돈이 남지 않는다.  600원짜리를 가능한 많이 사면 최대 M개 살 수 있고, 200원짜리를 가능한 적게 사면 최소 N개 살 수 있을 때, M+N의 값을 구하여라. (단, 세 종류의 상품을 각각 1개 이상은 사야 한다.)','','','','','',NULL,0,'9',NULL,'ADMIN','2021-04-03 03:54:12',NULL,NULL),(6,5,5,'S','둘레의 길이가 1.2Km 인 운동장을 형과 동생이 같은 지점에서 동시에 출발하여 같은 방향으로 달리면 출발한 지 10분 만에 처음으로 만나고, 다른 방향으로 달리면 출발한 지 4분 만에 처음으로 만난다고 한다.  형이 동생보다 빨리 달린다고 할 때, 형과 동생의 달리는 속력의 비를 가장 간단한 자연수의 비로 나타내어라. ','','','','','',NULL,1,'7 대 3',NULL,'ADMIN','2021-04-03 03:54:12',NULL,NULL),(6,6,6,'S','어느 학교의 작년 학생 수가 500명이었는데, 올해는 남학생 수가 4% 감소하고, 여학생 수가 6% 증가하여 작년에 비해 전체 학생 수가 1% 감소하였다.  이때, 올해 남학생 수와 여학생 수를 각각 구하여라. ','','','','','',NULL,1,'남 336  여 159',NULL,'ADMIN','2021-04-03 03:54:12',NULL,NULL),(6,7,7,'M','십의 자리의 숫자와 일의 자리의 숫자의 합이 12인 두 자리의 자연수가 있다.  이 자연수의 십의 자리의 숫자와 일의 자리의 숫자를 바꾼 수는 처음 수의 2배보다 크다고 한다. 이때, 처음 수를 구하여라. ','① 35','② 36','③ 37','④ 38','⑤ 39',NULL,0,'5',NULL,'ADMIN','2021-04-03 03:54:12',NULL,NULL),(6,8,8,'S','원가에 3할의 이익을 붙여서 정가를 정한 상품이 있다.  유행이 지나서 할인 판매를 해도 손해가 없이 팔려면 몇 %까지 할인하면 되는지 구하여라. (단, 소수 첫째 자리에서 반올림한다.)','','','','','',NULL,1,'0.23',NULL,'ADMIN','2021-04-03 03:54:12',NULL,NULL),(6,9,9,'S','어떤 음악회에서 5분짜리 곡과 7분짜리 곡을 섞어서 연주하여 총 공연 시간을 1시간 25분으로 계획했으나 오케스트라측과 협의하여 5분짜리 곡과 7분짜리 곡의 수를 바꾸어 연주하였더니 총 공연 시간이 1시간 32분과 1시간 36분 사이가 되었다.  곡과 곡 사이에는 1분씩 쉬는 시간이 있다고 할 때, 처음에 연주하려고 계획한 7분짜리 곡은 몇 곡인지 구하여라. ','','','','','',NULL,1,'4곡',NULL,'ADMIN','2021-04-03 03:54:12',NULL,NULL),(6,10,10,'S','어느 공항에서 비행기 표를 발매하기 시작했을 때 이미 300명이 줄을 서 있었고, 1분마다 10명의 새로운 사람들이 줄을 선다고 한다.  발매 창구가 3개일 때, 줄 서 있는 사람들이 모두 비행기 표를 구매하는 데 15분이 걸린다. 8분 이내에 줄 서 있는 사람들이 모두 비행기 표를 구매하기 위해서는 현재 3개인 발매 창구가 적어도 몇 개 더 있어야 하는지 구하여라. ','','','','','',NULL,1,'2개',NULL,'ADMIN','2021-04-03 03:54:12',NULL,NULL),(7,1,1,'S','세 점 A(-2,0), B(4,0), C(2,4)를 꼭지점으로 하는 삼각형 ABC의 외심의 좌표를 구하여라.','','','','','',NULL,1,'',NULL,'ADMIN','2021-04-03 03:54:15',NULL,NULL),(7,2,2,'M','정희는 매일 같은 양의 일을 하는 병수를 도우려고 한다. 첫째 날은 병수와 정희가 함께 2시간 동안 작업하여 끝냈고, 둘째 날은 병수 혼자서 3시간 동안 한 후 정희와 함께 1시간 동안 작업하여 끝냈다. 만약 셋째 날에 이 일을 정희 혼자서 작업한다면 몇 시간이 걸리는가?','① 1시간','② 3시간','③ 5시간','④ 6시간','⑤ 10시간',NULL,0,'2',NULL,'ADMIN','2021-04-03 03:54:15',NULL,NULL),(7,3,3,'S','내가 나의 아버지의 현재 나이만큼 되었을 때, 나의 나이는 내 아들의 현재 나이의 5배가 될 것이고, 그때의 내 아들의 나이는 나의 현재 나이보다 8살이 많을 것이다.  나의 아버지와 나의 현재 나이를 합하면 100살일 때, 내 아들의 현재 나이는 몇 살인지 구하여라. ','','','','','',NULL,1,'13살',NULL,'ADMIN','2021-04-03 03:54:15',NULL,NULL),(7,4,4,'S','한 개에 각각 200원, 600원 하는 세 종류의 상품이 있다.  6000원을 가지고 세 종류의 상품 16개를 사면 거스름돈이 남지 않는다.  600원짜리를 가능한 많이 사면 최대 M개 살 수 있고, 200원짜리를 가능한 적게 사면 최소 N개 살 수 있을 때, M+N의 값을 구하여라. (단, 세 종류의 상품을 각각 1개 이상은 사야 한다.)','','','','','',NULL,0,'9',NULL,'ADMIN','2021-04-03 03:54:15',NULL,NULL),(7,5,5,'S','둘레의 길이가 1.2Km 인 운동장을 형과 동생이 같은 지점에서 동시에 출발하여 같은 방향으로 달리면 출발한 지 10분 만에 처음으로 만나고, 다른 방향으로 달리면 출발한 지 4분 만에 처음으로 만난다고 한다.  형이 동생보다 빨리 달린다고 할 때, 형과 동생의 달리는 속력의 비를 가장 간단한 자연수의 비로 나타내어라. ','','','','','',NULL,1,'7 대 3',NULL,'ADMIN','2021-04-03 03:54:15',NULL,NULL),(7,6,6,'S','어느 학교의 작년 학생 수가 500명이었는데, 올해는 남학생 수가 4% 감소하고, 여학생 수가 6% 증가하여 작년에 비해 전체 학생 수가 1% 감소하였다.  이때, 올해 남학생 수와 여학생 수를 각각 구하여라. ','','','','','',NULL,1,'남 336  여 159',NULL,'ADMIN','2021-04-03 03:54:15',NULL,NULL),(7,7,7,'M','십의 자리의 숫자와 일의 자리의 숫자의 합이 12인 두 자리의 자연수가 있다.  이 자연수의 십의 자리의 숫자와 일의 자리의 숫자를 바꾼 수는 처음 수의 2배보다 크다고 한다. 이때, 처음 수를 구하여라. ','① 35','② 36','③ 37','④ 38','⑤ 39',NULL,0,'5',NULL,'ADMIN','2021-04-03 03:54:15',NULL,NULL),(7,8,8,'S','원가에 3할의 이익을 붙여서 정가를 정한 상품이 있다.  유행이 지나서 할인 판매를 해도 손해가 없이 팔려면 몇 %까지 할인하면 되는지 구하여라. (단, 소수 첫째 자리에서 반올림한다.)','','','','','',NULL,1,'0.23',NULL,'ADMIN','2021-04-03 03:54:15',NULL,NULL),(7,9,9,'S','어떤 음악회에서 5분짜리 곡과 7분짜리 곡을 섞어서 연주하여 총 공연 시간을 1시간 25분으로 계획했으나 오케스트라측과 협의하여 5분짜리 곡과 7분짜리 곡의 수를 바꾸어 연주하였더니 총 공연 시간이 1시간 32분과 1시간 36분 사이가 되었다.  곡과 곡 사이에는 1분씩 쉬는 시간이 있다고 할 때, 처음에 연주하려고 계획한 7분짜리 곡은 몇 곡인지 구하여라. ','','','','','',NULL,1,'4곡',NULL,'ADMIN','2021-04-03 03:54:15',NULL,NULL),(7,10,10,'S','어느 공항에서 비행기 표를 발매하기 시작했을 때 이미 300명이 줄을 서 있었고, 1분마다 10명의 새로운 사람들이 줄을 선다고 한다.  발매 창구가 3개일 때, 줄 서 있는 사람들이 모두 비행기 표를 구매하는 데 15분이 걸린다. 8분 이내에 줄 서 있는 사람들이 모두 비행기 표를 구매하기 위해서는 현재 3개인 발매 창구가 적어도 몇 개 더 있어야 하는지 구하여라. ','','','','','',NULL,1,'2개',NULL,'ADMIN','2021-04-03 03:54:15',NULL,NULL),(8,1,1,'S','세 점 A(-2,0), B(4,0), C(2,4)를 꼭지점으로 하는 삼각형 ABC의 외심의 좌표를 구하여라.','','','','','',NULL,1,'',NULL,'ADMIN','2021-04-03 03:54:20',NULL,NULL),(8,2,2,'M','정희는 매일 같은 양의 일을 하는 병수를 도우려고 한다. 첫째 날은 병수와 정희가 함께 2시간 동안 작업하여 끝냈고, 둘째 날은 병수 혼자서 3시간 동안 한 후 정희와 함께 1시간 동안 작업하여 끝냈다. 만약 셋째 날에 이 일을 정희 혼자서 작업한다면 몇 시간이 걸리는가?','① 1시간','② 3시간','③ 5시간','④ 6시간','⑤ 10시간',NULL,0,'2',NULL,'ADMIN','2021-04-03 03:54:20',NULL,NULL),(8,3,3,'S','내가 나의 아버지의 현재 나이만큼 되었을 때, 나의 나이는 내 아들의 현재 나이의 5배가 될 것이고, 그때의 내 아들의 나이는 나의 현재 나이보다 8살이 많을 것이다.  나의 아버지와 나의 현재 나이를 합하면 100살일 때, 내 아들의 현재 나이는 몇 살인지 구하여라. ','','','','','',NULL,1,'13살',NULL,'ADMIN','2021-04-03 03:54:20',NULL,NULL),(8,4,4,'S','한 개에 각각 200원, 600원 하는 세 종류의 상품이 있다.  6000원을 가지고 세 종류의 상품 16개를 사면 거스름돈이 남지 않는다.  600원짜리를 가능한 많이 사면 최대 M개 살 수 있고, 200원짜리를 가능한 적게 사면 최소 N개 살 수 있을 때, M+N의 값을 구하여라. (단, 세 종류의 상품을 각각 1개 이상은 사야 한다.)','','','','','',NULL,0,'9',NULL,'ADMIN','2021-04-03 03:54:20',NULL,NULL),(8,5,5,'S','둘레의 길이가 1.2Km 인 운동장을 형과 동생이 같은 지점에서 동시에 출발하여 같은 방향으로 달리면 출발한 지 10분 만에 처음으로 만나고, 다른 방향으로 달리면 출발한 지 4분 만에 처음으로 만난다고 한다.  형이 동생보다 빨리 달린다고 할 때, 형과 동생의 달리는 속력의 비를 가장 간단한 자연수의 비로 나타내어라. ','','','','','',NULL,1,'7 대 3',NULL,'ADMIN','2021-04-03 03:54:20',NULL,NULL),(8,6,6,'S','어느 학교의 작년 학생 수가 500명이었는데, 올해는 남학생 수가 4% 감소하고, 여학생 수가 6% 증가하여 작년에 비해 전체 학생 수가 1% 감소하였다.  이때, 올해 남학생 수와 여학생 수를 각각 구하여라. ','','','','','',NULL,1,'남 336  여 159',NULL,'ADMIN','2021-04-03 03:54:20',NULL,NULL),(8,7,7,'M','십의 자리의 숫자와 일의 자리의 숫자의 합이 12인 두 자리의 자연수가 있다.  이 자연수의 십의 자리의 숫자와 일의 자리의 숫자를 바꾼 수는 처음 수의 2배보다 크다고 한다. 이때, 처음 수를 구하여라. ','① 35','② 36','③ 37','④ 38','⑤ 39',NULL,0,'5',NULL,'ADMIN','2021-04-03 03:54:20',NULL,NULL),(8,8,8,'S','원가에 3할의 이익을 붙여서 정가를 정한 상품이 있다.  유행이 지나서 할인 판매를 해도 손해가 없이 팔려면 몇 %까지 할인하면 되는지 구하여라. (단, 소수 첫째 자리에서 반올림한다.)','','','','','',NULL,1,'0.23',NULL,'ADMIN','2021-04-03 03:54:20',NULL,NULL),(8,9,9,'S','어떤 음악회에서 5분짜리 곡과 7분짜리 곡을 섞어서 연주하여 총 공연 시간을 1시간 25분으로 계획했으나 오케스트라측과 협의하여 5분짜리 곡과 7분짜리 곡의 수를 바꾸어 연주하였더니 총 공연 시간이 1시간 32분과 1시간 36분 사이가 되었다.  곡과 곡 사이에는 1분씩 쉬는 시간이 있다고 할 때, 처음에 연주하려고 계획한 7분짜리 곡은 몇 곡인지 구하여라. ','','','','','',NULL,1,'4곡',NULL,'ADMIN','2021-04-03 03:54:20',NULL,NULL),(8,10,10,'S','어느 공항에서 비행기 표를 발매하기 시작했을 때 이미 300명이 줄을 서 있었고, 1분마다 10명의 새로운 사람들이 줄을 선다고 한다.  발매 창구가 3개일 때, 줄 서 있는 사람들이 모두 비행기 표를 구매하는 데 15분이 걸린다. 8분 이내에 줄 서 있는 사람들이 모두 비행기 표를 구매하기 위해서는 현재 3개인 발매 창구가 적어도 몇 개 더 있어야 하는지 구하여라. ','','','','','',NULL,1,'2개',NULL,'ADMIN','2021-04-03 03:54:20',NULL,NULL),(9,1,1,'S','세 점 A(-2,0), B(4,0), C(2,4)를 꼭지점으로 하는 삼각형 ABC의 외심의 좌표를 구하여라.','','','','','',NULL,1,'',NULL,'ADMIN','2021-04-03 03:54:27',NULL,NULL),(9,2,2,'M','정희는 매일 같은 양의 일을 하는 병수를 도우려고 한다. 첫째 날은 병수와 정희가 함께 2시간 동안 작업하여 끝냈고, 둘째 날은 병수 혼자서 3시간 동안 한 후 정희와 함께 1시간 동안 작업하여 끝냈다. 만약 셋째 날에 이 일을 정희 혼자서 작업한다면 몇 시간이 걸리는가?','① 1시간','② 3시간','③ 5시간','④ 6시간','⑤ 10시간',NULL,0,'2',NULL,'ADMIN','2021-04-03 03:54:27',NULL,NULL),(9,3,3,'S','내가 나의 아버지의 현재 나이만큼 되었을 때, 나의 나이는 내 아들의 현재 나이의 5배가 될 것이고, 그때의 내 아들의 나이는 나의 현재 나이보다 8살이 많을 것이다.  나의 아버지와 나의 현재 나이를 합하면 100살일 때, 내 아들의 현재 나이는 몇 살인지 구하여라. ','','','','','',NULL,1,'13살',NULL,'ADMIN','2021-04-03 03:54:27',NULL,NULL),(9,4,4,'S','한 개에 각각 200원, 600원 하는 세 종류의 상품이 있다.  6000원을 가지고 세 종류의 상품 16개를 사면 거스름돈이 남지 않는다.  600원짜리를 가능한 많이 사면 최대 M개 살 수 있고, 200원짜리를 가능한 적게 사면 최소 N개 살 수 있을 때, M+N의 값을 구하여라. (단, 세 종류의 상품을 각각 1개 이상은 사야 한다.)','','','','','',NULL,0,'9',NULL,'ADMIN','2021-04-03 03:54:27',NULL,NULL),(9,5,5,'S','둘레의 길이가 1.2Km 인 운동장을 형과 동생이 같은 지점에서 동시에 출발하여 같은 방향으로 달리면 출발한 지 10분 만에 처음으로 만나고, 다른 방향으로 달리면 출발한 지 4분 만에 처음으로 만난다고 한다.  형이 동생보다 빨리 달린다고 할 때, 형과 동생의 달리는 속력의 비를 가장 간단한 자연수의 비로 나타내어라. ','','','','','',NULL,1,'7 대 3',NULL,'ADMIN','2021-04-03 03:54:27',NULL,NULL),(9,6,6,'S','어느 학교의 작년 학생 수가 500명이었는데, 올해는 남학생 수가 4% 감소하고, 여학생 수가 6% 증가하여 작년에 비해 전체 학생 수가 1% 감소하였다.  이때, 올해 남학생 수와 여학생 수를 각각 구하여라. ','','','','','',NULL,1,'남 336  여 159',NULL,'ADMIN','2021-04-03 03:54:27',NULL,NULL),(9,7,7,'M','십의 자리의 숫자와 일의 자리의 숫자의 합이 12인 두 자리의 자연수가 있다.  이 자연수의 십의 자리의 숫자와 일의 자리의 숫자를 바꾼 수는 처음 수의 2배보다 크다고 한다. 이때, 처음 수를 구하여라. ','① 35','② 36','③ 37','④ 38','⑤ 39',NULL,0,'5',NULL,'ADMIN','2021-04-03 03:54:27',NULL,NULL),(9,8,8,'S','원가에 3할의 이익을 붙여서 정가를 정한 상품이 있다.  유행이 지나서 할인 판매를 해도 손해가 없이 팔려면 몇 %까지 할인하면 되는지 구하여라. (단, 소수 첫째 자리에서 반올림한다.)','','','','','',NULL,1,'0.23',NULL,'ADMIN','2021-04-03 03:54:27',NULL,NULL),(9,9,9,'S','어떤 음악회에서 5분짜리 곡과 7분짜리 곡을 섞어서 연주하여 총 공연 시간을 1시간 25분으로 계획했으나 오케스트라측과 협의하여 5분짜리 곡과 7분짜리 곡의 수를 바꾸어 연주하였더니 총 공연 시간이 1시간 32분과 1시간 36분 사이가 되었다.  곡과 곡 사이에는 1분씩 쉬는 시간이 있다고 할 때, 처음에 연주하려고 계획한 7분짜리 곡은 몇 곡인지 구하여라. ','','','','','',NULL,1,'4곡',NULL,'ADMIN','2021-04-03 03:54:27',NULL,NULL),(9,10,10,'S','어느 공항에서 비행기 표를 발매하기 시작했을 때 이미 300명이 줄을 서 있었고, 1분마다 10명의 새로운 사람들이 줄을 선다고 한다.  발매 창구가 3개일 때, 줄 서 있는 사람들이 모두 비행기 표를 구매하는 데 15분이 걸린다. 8분 이내에 줄 서 있는 사람들이 모두 비행기 표를 구매하기 위해서는 현재 3개인 발매 창구가 적어도 몇 개 더 있어야 하는지 구하여라. ','','','','','',NULL,1,'2개',NULL,'ADMIN','2021-04-03 03:54:27',NULL,NULL),(10,1,1,'S','세 점 A(-2,0), B(4,0), C(2,4)를 꼭지점으로 하는 삼각형 ABC의 외심의 좌표를 구하여라.','','','','','',NULL,1,'',NULL,'ADMIN','2021-04-03 03:54:30',NULL,NULL),(10,2,2,'M','정희는 매일 같은 양의 일을 하는 병수를 도우려고 한다. 첫째 날은 병수와 정희가 함께 2시간 동안 작업하여 끝냈고, 둘째 날은 병수 혼자서 3시간 동안 한 후 정희와 함께 1시간 동안 작업하여 끝냈다. 만약 셋째 날에 이 일을 정희 혼자서 작업한다면 몇 시간이 걸리는가?','① 1시간','② 3시간','③ 5시간','④ 6시간','⑤ 10시간',NULL,0,'2',NULL,'ADMIN','2021-04-03 03:54:30',NULL,NULL),(10,3,3,'S','내가 나의 아버지의 현재 나이만큼 되었을 때, 나의 나이는 내 아들의 현재 나이의 5배가 될 것이고, 그때의 내 아들의 나이는 나의 현재 나이보다 8살이 많을 것이다.  나의 아버지와 나의 현재 나이를 합하면 100살일 때, 내 아들의 현재 나이는 몇 살인지 구하여라. ','','','','','',NULL,1,'13살',NULL,'ADMIN','2021-04-03 03:54:30',NULL,NULL),(10,4,4,'S','한 개에 각각 200원, 600원 하는 세 종류의 상품이 있다.  6000원을 가지고 세 종류의 상품 16개를 사면 거스름돈이 남지 않는다.  600원짜리를 가능한 많이 사면 최대 M개 살 수 있고, 200원짜리를 가능한 적게 사면 최소 N개 살 수 있을 때, M+N의 값을 구하여라. (단, 세 종류의 상품을 각각 1개 이상은 사야 한다.)','','','','','',NULL,0,'9',NULL,'ADMIN','2021-04-03 03:54:30',NULL,NULL),(10,5,5,'S','둘레의 길이가 1.2Km 인 운동장을 형과 동생이 같은 지점에서 동시에 출발하여 같은 방향으로 달리면 출발한 지 10분 만에 처음으로 만나고, 다른 방향으로 달리면 출발한 지 4분 만에 처음으로 만난다고 한다.  형이 동생보다 빨리 달린다고 할 때, 형과 동생의 달리는 속력의 비를 가장 간단한 자연수의 비로 나타내어라. ','','','','','',NULL,1,'7 대 3',NULL,'ADMIN','2021-04-03 03:54:30',NULL,NULL),(10,6,6,'S','어느 학교의 작년 학생 수가 500명이었는데, 올해는 남학생 수가 4% 감소하고, 여학생 수가 6% 증가하여 작년에 비해 전체 학생 수가 1% 감소하였다.  이때, 올해 남학생 수와 여학생 수를 각각 구하여라. ','','','','','',NULL,1,'남 336  여 159',NULL,'ADMIN','2021-04-03 03:54:30',NULL,NULL),(10,7,7,'M','십의 자리의 숫자와 일의 자리의 숫자의 합이 12인 두 자리의 자연수가 있다.  이 자연수의 십의 자리의 숫자와 일의 자리의 숫자를 바꾼 수는 처음 수의 2배보다 크다고 한다. 이때, 처음 수를 구하여라. ','① 35','② 36','③ 37','④ 38','⑤ 39',NULL,0,'5',NULL,'ADMIN','2021-04-03 03:54:30',NULL,NULL),(10,8,8,'S','원가에 3할의 이익을 붙여서 정가를 정한 상품이 있다.  유행이 지나서 할인 판매를 해도 손해가 없이 팔려면 몇 %까지 할인하면 되는지 구하여라. (단, 소수 첫째 자리에서 반올림한다.)','','','','','',NULL,1,'0.23',NULL,'ADMIN','2021-04-03 03:54:30',NULL,NULL),(10,9,9,'S','어떤 음악회에서 5분짜리 곡과 7분짜리 곡을 섞어서 연주하여 총 공연 시간을 1시간 25분으로 계획했으나 오케스트라측과 협의하여 5분짜리 곡과 7분짜리 곡의 수를 바꾸어 연주하였더니 총 공연 시간이 1시간 32분과 1시간 36분 사이가 되었다.  곡과 곡 사이에는 1분씩 쉬는 시간이 있다고 할 때, 처음에 연주하려고 계획한 7분짜리 곡은 몇 곡인지 구하여라. ','','','','','',NULL,1,'4곡',NULL,'ADMIN','2021-04-03 03:54:30',NULL,NULL),(10,10,10,'S','어느 공항에서 비행기 표를 발매하기 시작했을 때 이미 300명이 줄을 서 있었고, 1분마다 10명의 새로운 사람들이 줄을 선다고 한다.  발매 창구가 3개일 때, 줄 서 있는 사람들이 모두 비행기 표를 구매하는 데 15분이 걸린다. 8분 이내에 줄 서 있는 사람들이 모두 비행기 표를 구매하기 위해서는 현재 3개인 발매 창구가 적어도 몇 개 더 있어야 하는지 구하여라. ','','','','','',NULL,1,'2개',NULL,'ADMIN','2021-04-03 03:54:30',NULL,NULL),(11,1,1,'S','세 점 A(-2,0), B(4,0), C(2,4)를 꼭지점으로 하는 삼각형 ABC의 외심의 좌표를 구하여라.','','','','','',NULL,1,'',NULL,'ADMIN','2021-04-03 03:54:33',NULL,NULL),(11,2,2,'M','정희는 매일 같은 양의 일을 하는 병수를 도우려고 한다. 첫째 날은 병수와 정희가 함께 2시간 동안 작업하여 끝냈고, 둘째 날은 병수 혼자서 3시간 동안 한 후 정희와 함께 1시간 동안 작업하여 끝냈다. 만약 셋째 날에 이 일을 정희 혼자서 작업한다면 몇 시간이 걸리는가?','① 1시간','② 3시간','③ 5시간','④ 6시간','⑤ 10시간',NULL,0,'2',NULL,'ADMIN','2021-04-03 03:54:33',NULL,NULL),(11,3,3,'S','내가 나의 아버지의 현재 나이만큼 되었을 때, 나의 나이는 내 아들의 현재 나이의 5배가 될 것이고, 그때의 내 아들의 나이는 나의 현재 나이보다 8살이 많을 것이다.  나의 아버지와 나의 현재 나이를 합하면 100살일 때, 내 아들의 현재 나이는 몇 살인지 구하여라. ','','','','','',NULL,1,'13살',NULL,'ADMIN','2021-04-03 03:54:33',NULL,NULL),(11,4,4,'S','한 개에 각각 200원, 600원 하는 세 종류의 상품이 있다.  6000원을 가지고 세 종류의 상품 16개를 사면 거스름돈이 남지 않는다.  600원짜리를 가능한 많이 사면 최대 M개 살 수 있고, 200원짜리를 가능한 적게 사면 최소 N개 살 수 있을 때, M+N의 값을 구하여라. (단, 세 종류의 상품을 각각 1개 이상은 사야 한다.)','','','','','',NULL,0,'9',NULL,'ADMIN','2021-04-03 03:54:33',NULL,NULL),(11,5,5,'S','둘레의 길이가 1.2Km 인 운동장을 형과 동생이 같은 지점에서 동시에 출발하여 같은 방향으로 달리면 출발한 지 10분 만에 처음으로 만나고, 다른 방향으로 달리면 출발한 지 4분 만에 처음으로 만난다고 한다.  형이 동생보다 빨리 달린다고 할 때, 형과 동생의 달리는 속력의 비를 가장 간단한 자연수의 비로 나타내어라. ','','','','','',NULL,1,'7 대 3',NULL,'ADMIN','2021-04-03 03:54:33',NULL,NULL),(11,6,6,'S','어느 학교의 작년 학생 수가 500명이었는데, 올해는 남학생 수가 4% 감소하고, 여학생 수가 6% 증가하여 작년에 비해 전체 학생 수가 1% 감소하였다.  이때, 올해 남학생 수와 여학생 수를 각각 구하여라. ','','','','','',NULL,1,'남 336  여 159',NULL,'ADMIN','2021-04-03 03:54:33',NULL,NULL),(11,7,7,'M','십의 자리의 숫자와 일의 자리의 숫자의 합이 12인 두 자리의 자연수가 있다.  이 자연수의 십의 자리의 숫자와 일의 자리의 숫자를 바꾼 수는 처음 수의 2배보다 크다고 한다. 이때, 처음 수를 구하여라. ','① 35','② 36','③ 37','④ 38','⑤ 39',NULL,0,'5',NULL,'ADMIN','2021-04-03 03:54:33',NULL,NULL),(11,8,8,'S','원가에 3할의 이익을 붙여서 정가를 정한 상품이 있다.  유행이 지나서 할인 판매를 해도 손해가 없이 팔려면 몇 %까지 할인하면 되는지 구하여라. (단, 소수 첫째 자리에서 반올림한다.)','','','','','',NULL,1,'0.23',NULL,'ADMIN','2021-04-03 03:54:33',NULL,NULL),(11,9,9,'S','어떤 음악회에서 5분짜리 곡과 7분짜리 곡을 섞어서 연주하여 총 공연 시간을 1시간 25분으로 계획했으나 오케스트라측과 협의하여 5분짜리 곡과 7분짜리 곡의 수를 바꾸어 연주하였더니 총 공연 시간이 1시간 32분과 1시간 36분 사이가 되었다.  곡과 곡 사이에는 1분씩 쉬는 시간이 있다고 할 때, 처음에 연주하려고 계획한 7분짜리 곡은 몇 곡인지 구하여라. ','','','','','',NULL,1,'4곡',NULL,'ADMIN','2021-04-03 03:54:33',NULL,NULL),(11,10,10,'S','어느 공항에서 비행기 표를 발매하기 시작했을 때 이미 300명이 줄을 서 있었고, 1분마다 10명의 새로운 사람들이 줄을 선다고 한다.  발매 창구가 3개일 때, 줄 서 있는 사람들이 모두 비행기 표를 구매하는 데 15분이 걸린다. 8분 이내에 줄 서 있는 사람들이 모두 비행기 표를 구매하기 위해서는 현재 3개인 발매 창구가 적어도 몇 개 더 있어야 하는지 구하여라. ','','','','','',NULL,1,'2개',NULL,'ADMIN','2021-04-03 03:54:33',NULL,NULL),(12,1,1,'S','세 점 A(-2,0), B(4,0), C(2,4)를 꼭지점으로 하는 삼각형 ABC의 외심의 좌표를 구하여라.','','','','','',NULL,1,'',NULL,'ADMIN','2021-04-03 03:54:36',NULL,NULL),(12,2,2,'M','정희는 매일 같은 양의 일을 하는 병수를 도우려고 한다. 첫째 날은 병수와 정희가 함께 2시간 동안 작업하여 끝냈고, 둘째 날은 병수 혼자서 3시간 동안 한 후 정희와 함께 1시간 동안 작업하여 끝냈다. 만약 셋째 날에 이 일을 정희 혼자서 작업한다면 몇 시간이 걸리는가?','① 1시간','② 3시간','③ 5시간','④ 6시간','⑤ 10시간',NULL,0,'2',NULL,'ADMIN','2021-04-03 03:54:36',NULL,NULL),(12,3,3,'S','내가 나의 아버지의 현재 나이만큼 되었을 때, 나의 나이는 내 아들의 현재 나이의 5배가 될 것이고, 그때의 내 아들의 나이는 나의 현재 나이보다 8살이 많을 것이다.  나의 아버지와 나의 현재 나이를 합하면 100살일 때, 내 아들의 현재 나이는 몇 살인지 구하여라. ','','','','','',NULL,1,'13살',NULL,'ADMIN','2021-04-03 03:54:36',NULL,NULL),(12,4,4,'S','한 개에 각각 200원, 600원 하는 세 종류의 상품이 있다.  6000원을 가지고 세 종류의 상품 16개를 사면 거스름돈이 남지 않는다.  600원짜리를 가능한 많이 사면 최대 M개 살 수 있고, 200원짜리를 가능한 적게 사면 최소 N개 살 수 있을 때, M+N의 값을 구하여라. (단, 세 종류의 상품을 각각 1개 이상은 사야 한다.)','','','','','',NULL,0,'9',NULL,'ADMIN','2021-04-03 03:54:36',NULL,NULL),(12,5,5,'S','둘레의 길이가 1.2Km 인 운동장을 형과 동생이 같은 지점에서 동시에 출발하여 같은 방향으로 달리면 출발한 지 10분 만에 처음으로 만나고, 다른 방향으로 달리면 출발한 지 4분 만에 처음으로 만난다고 한다.  형이 동생보다 빨리 달린다고 할 때, 형과 동생의 달리는 속력의 비를 가장 간단한 자연수의 비로 나타내어라. ','','','','','',NULL,1,'7 대 3',NULL,'ADMIN','2021-04-03 03:54:36',NULL,NULL),(12,6,6,'S','어느 학교의 작년 학생 수가 500명이었는데, 올해는 남학생 수가 4% 감소하고, 여학생 수가 6% 증가하여 작년에 비해 전체 학생 수가 1% 감소하였다.  이때, 올해 남학생 수와 여학생 수를 각각 구하여라. ','','','','','',NULL,1,'남 336  여 159',NULL,'ADMIN','2021-04-03 03:54:36',NULL,NULL),(12,7,7,'M','십의 자리의 숫자와 일의 자리의 숫자의 합이 12인 두 자리의 자연수가 있다.  이 자연수의 십의 자리의 숫자와 일의 자리의 숫자를 바꾼 수는 처음 수의 2배보다 크다고 한다. 이때, 처음 수를 구하여라. ','① 35','② 36','③ 37','④ 38','⑤ 39',NULL,0,'5',NULL,'ADMIN','2021-04-03 03:54:36',NULL,NULL),(12,8,8,'S','원가에 3할의 이익을 붙여서 정가를 정한 상품이 있다.  유행이 지나서 할인 판매를 해도 손해가 없이 팔려면 몇 %까지 할인하면 되는지 구하여라. (단, 소수 첫째 자리에서 반올림한다.)','','','','','',NULL,1,'0.23',NULL,'ADMIN','2021-04-03 03:54:36',NULL,NULL),(12,9,9,'S','어떤 음악회에서 5분짜리 곡과 7분짜리 곡을 섞어서 연주하여 총 공연 시간을 1시간 25분으로 계획했으나 오케스트라측과 협의하여 5분짜리 곡과 7분짜리 곡의 수를 바꾸어 연주하였더니 총 공연 시간이 1시간 32분과 1시간 36분 사이가 되었다.  곡과 곡 사이에는 1분씩 쉬는 시간이 있다고 할 때, 처음에 연주하려고 계획한 7분짜리 곡은 몇 곡인지 구하여라. ','','','','','',NULL,1,'4곡',NULL,'ADMIN','2021-04-03 03:54:36',NULL,NULL),(12,10,10,'S','어느 공항에서 비행기 표를 발매하기 시작했을 때 이미 300명이 줄을 서 있었고, 1분마다 10명의 새로운 사람들이 줄을 선다고 한다.  발매 창구가 3개일 때, 줄 서 있는 사람들이 모두 비행기 표를 구매하는 데 15분이 걸린다. 8분 이내에 줄 서 있는 사람들이 모두 비행기 표를 구매하기 위해서는 현재 3개인 발매 창구가 적어도 몇 개 더 있어야 하는지 구하여라. ','','','','','',NULL,1,'2개',NULL,'ADMIN','2021-04-03 03:54:36',NULL,NULL);
/*!40000 ALTER TABLE `exam_item` ENABLE KEYS */;
UNLOCK TABLES;

--
-- Table structure for table `exam_list`
--

DROP TABLE IF EXISTS `exam_list`;
/*!40101 SET @saved_cs_client     = @@character_set_client */;
/*!50503 SET character_set_client = utf8mb4 */;
CREATE TABLE `exam_list` (
  `exam_no` int(20) NOT NULL AUTO_INCREMENT COMMENT '출제번호',
  `date` varchar(8) NOT NULL COMMENT '출제일자',
  `class_no` int(10) NOT NULL,
  `cc_no` int(10) DEFAULT NULL COMMENT 'class_curriculum no',
  `type_group` varchar(10) DEFAULT NULL COMMENT '유형그룹',
  `type` varchar(10) DEFAULT NULL COMMENT '유형',
  `count` int(4) DEFAULT NULL COMMENT '문항수',
  `level_difficulty` int(1) DEFAULT NULL COMMENT '난이도',
  `goal_score` int(3) NOT NULL COMMENT 'pass 기준점수',
  `state` int(1) NOT NULL DEFAULT '0' COMMENT '출제상태(1:출제/0:미출제)',
  `sDate` varchar(10) NOT NULL COMMENT '응시시작일자',
  `eDate` varchar(10) NOT NULL COMMENT '응시마감일자',
  `input_id` varchar(45) NOT NULL,
  `input_date` datetime NOT NULL,
  `update_id` varchar(45) DEFAULT NULL,
  `update_date` datetime DEFAULT NULL,
  PRIMARY KEY (`exam_no`),
  KEY `fk_exam_list_class1_idx` (`class_no`)
) ENGINE=InnoDB AUTO_INCREMENT=25 DEFAULT CHARSET=utf8mb4 COLLATE=utf8mb4_0900_ai_ci COMMENT='문제출제목록';
/*!40101 SET character_set_client = @saved_cs_client */;

--
-- Dumping data for table `exam_list`
--

LOCK TABLES `exam_list` WRITE;
/*!40000 ALTER TABLE `exam_list` DISABLE KEYS */;
INSERT INTO `exam_list` VALUES (1,'20210403',33,3,'A','1',5,3,90,1,'20210406','20210406','ADMIN','2021-04-03 03:37:18',NULL,NULL),(2,'20210403',34,15,'B','1',5,3,90,1,'20210406','20210407','ADMIN','2021-04-03 03:37:18',NULL,NULL),(3,'20210403',35,42,'B','5',5,3,90,1,'20210406','20210412','ADMIN','2021-04-03 03:37:18',NULL,NULL),(4,'20210403',36,76,'A','1',5,3,90,1,'20210406','20210412','ADMIN','2021-04-03 03:37:18',NULL,NULL),(5,'20210403',37,103,'B','2',5,3,90,1,'20210406','20210406','ADMIN','2021-04-03 03:37:18',NULL,NULL),(6,'20210403',38,86,'C','1',5,3,90,1,'20210406','20210412','ADMIN','2021-04-03 03:37:18',NULL,NULL),(7,'20210403',46,26,'A','1',5,3,90,1,'20210406','20210407','ADMIN','2021-04-03 03:37:18',NULL,NULL),(8,'20210403',47,34,'B','3',5,3,90,1,'20210406','20210412','ADMIN','2021-04-03 03:37:18',NULL,NULL),(9,'20210403',48,107,'C','2',5,3,90,1,'20210406','20210412','ADMIN','2021-04-03 03:37:18',NULL,NULL),(10,'20210403',49,120,'A','1',5,3,90,1,'20210406','20210412','ADMIN','2021-04-03 03:37:18',NULL,NULL),(11,'20210403',50,137,'B','4',5,3,90,1,'20210406','20210412','ADMIN','2021-04-03 03:37:18',NULL,NULL),(12,'20210403',51,129,'C','1',5,3,90,1,'20210406','20210412','ADMIN','2021-04-03 03:37:18',NULL,NULL),(13,'20210404',33,3,'A','1',5,3,90,1,'20210406','20210406','ADMIN','2021-04-07 02:10:48',NULL,NULL),(14,'20210404',34,15,'B','1',5,3,90,1,'20210406','20210407','ADMIN','2021-04-07 02:10:48',NULL,NULL),(15,'20210404',35,42,'B','5',5,3,90,1,'20210406','20210412','ADMIN','2021-04-07 02:10:48',NULL,NULL),(16,'20210404',36,76,'A','1',5,3,90,1,'20210406','20210412','ADMIN','2021-04-07 02:10:48',NULL,NULL),(17,'20210404',37,103,'B','2',5,3,90,1,'20210406','20210406','ADMIN','2021-04-07 02:10:48',NULL,NULL),(18,'20210404',38,86,'C','1',5,3,90,1,'20210406','20210412','ADMIN','2021-04-07 02:10:48',NULL,NULL),(19,'20210404',46,26,'A','1',5,3,90,1,'20210406','20210407','ADMIN','2021-04-07 02:10:48',NULL,NULL),(20,'20210404',47,34,'B','3',5,3,90,1,'20210406','20210412','ADMIN','2021-04-07 02:10:48',NULL,NULL),(21,'20210404',48,107,'C','2',5,3,90,1,'20210406','20210412','ADMIN','2021-04-07 02:10:48',NULL,NULL),(22,'20210404',49,120,'A','1',5,3,90,1,'20210406','20210412','ADMIN','2021-04-07 02:10:48',NULL,NULL),(23,'20210404',50,137,'B','4',5,3,90,1,'20210406','20210412','ADMIN','2021-04-07 02:10:48',NULL,NULL),(24,'20210404',51,129,'C','1',5,3,90,1,'20210406','20210412','ADMIN','2021-04-07 02:10:48',NULL,NULL);
/*!40000 ALTER TABLE `exam_list` ENABLE KEYS */;
UNLOCK TABLES;

--
-- Table structure for table `exam_user`
--

DROP TABLE IF EXISTS `exam_user`;
/*!40101 SET @saved_cs_client     = @@character_set_client */;
/*!50503 SET character_set_client = utf8mb4 */;
CREATE TABLE `exam_user` (
  `exam_no` int(11) NOT NULL COMMENT '출제지번호',
  `student_no` int(10) NOT NULL COMMENT '대상자ID',
  `status` int(1) NOT NULL DEFAULT '1' COMMENT '1:미응시, 2:응시, 3:채점',
  `score` int(3) DEFAULT NULL COMMENT '시험점수',
  `comments` varchar(45) DEFAULT NULL COMMENT '학생의견',
  `input_id` varchar(45) NOT NULL,
  `input_date` datetime NOT NULL,
  `update_id` varchar(45) DEFAULT NULL,
  `update_date` datetime DEFAULT NULL,
  PRIMARY KEY (`exam_no`,`student_no`),
  KEY `fk_exam_user_exam_list1_idx` (`exam_no`)
) ENGINE=InnoDB DEFAULT CHARSET=utf8mb4 COLLATE=utf8mb4_0900_ai_ci COMMENT='시험대상 목록';
/*!40101 SET character_set_client = @saved_cs_client */;

--
-- Dumping data for table `exam_user`
--

LOCK TABLES `exam_user` WRITE;
/*!40000 ALTER TABLE `exam_user` DISABLE KEYS */;
INSERT INTO `exam_user` VALUES (1,1,1,NULL,NULL,'ADMIN','2021-04-03 04:02:15',NULL,NULL),(1,2,3,100,NULL,'ADMIN','2021-04-03 04:02:15',NULL,NULL),(1,3,3,90,NULL,'ADMIN','2021-04-03 04:02:15',NULL,NULL),(1,4,3,85,NULL,'ADMIN','2021-04-03 04:02:15',NULL,NULL),(2,5,3,88,NULL,'ADMIN','2021-04-03 04:03:07',NULL,NULL),(2,6,3,96,NULL,'ADMIN','2021-04-03 04:03:07',NULL,NULL),(2,7,2,NULL,NULL,'ADMIN','2021-04-03 04:03:07',NULL,NULL),(2,8,2,NULL,NULL,'ADMIN','2021-04-03 04:03:07',NULL,NULL),(3,1,2,NULL,NULL,'ADMIN','2021-04-03 04:03:51',NULL,NULL),(3,4,1,NULL,NULL,'ADMIN','2021-04-03 04:03:51',NULL,NULL),(3,7,3,90,NULL,'ADMIN','2021-04-03 04:03:51',NULL,NULL),(4,2,2,NULL,NULL,'ADMIN','2021-04-03 04:04:48',NULL,NULL),(4,3,2,NULL,NULL,'ADMIN','2021-04-03 04:04:48',NULL,NULL),(4,5,2,NULL,NULL,'ADMIN','2021-04-03 04:04:48',NULL,NULL),(5,1,2,NULL,NULL,'ADMIN','2021-04-03 04:06:33',NULL,NULL),(5,2,1,NULL,NULL,'ADMIN','2021-04-03 04:06:33',NULL,NULL),(5,8,3,88,NULL,'ADMIN','2021-04-03 04:06:33',NULL,NULL),(6,7,3,72,NULL,'ADMIN','2021-04-03 04:07:54',NULL,NULL),(6,8,1,NULL,NULL,'ADMIN','2021-04-03 04:07:54',NULL,NULL),(7,3,3,56,NULL,'ADMIN','2021-04-03 04:08:51',NULL,NULL),(7,4,3,44,NULL,'ADMIN','2021-04-03 04:08:51',NULL,NULL),(7,7,3,84,NULL,'ADMIN','2021-04-03 04:08:51',NULL,NULL),(7,8,1,NULL,NULL,'ADMIN','2021-04-03 04:08:51',NULL,NULL),(8,2,3,98,NULL,'ADMIN','2021-04-03 04:09:24',NULL,NULL),(8,3,3,100,NULL,'ADMIN','2021-04-03 04:09:24',NULL,NULL),(9,1,3,97,NULL,'ADMIN','2021-04-03 04:11:52',NULL,NULL),(9,2,3,100,NULL,'ADMIN','2021-04-03 04:11:52',NULL,NULL),(10,3,3,83,NULL,'ADMIN','2021-04-03 04:11:52',NULL,NULL),(10,4,3,94,NULL,'ADMIN','2021-04-03 04:11:52',NULL,NULL),(11,2,3,79,NULL,'ADMIN','2021-04-03 04:11:52',NULL,NULL),(11,3,3,85,NULL,'ADMIN','2021-04-03 04:11:52',NULL,NULL),(11,6,3,77,NULL,'ADMIN','2021-04-03 04:11:52',NULL,NULL),(11,7,1,NULL,NULL,'ADMIN','2021-04-03 04:11:52',NULL,NULL),(12,1,3,99,NULL,'ADMIN','2021-04-03 04:11:52',NULL,NULL),(12,7,2,NULL,NULL,'ADMIN','2021-04-03 04:11:52',NULL,NULL),(12,8,2,NULL,NULL,'ADMIN','2021-04-03 04:11:52',NULL,NULL),(13,1,1,NULL,NULL,'ADMIN','2021-04-07 02:14:38',NULL,NULL),(13,2,3,100,NULL,'ADMIN','2021-04-07 02:14:38',NULL,NULL),(13,3,3,90,NULL,'ADMIN','2021-04-07 02:14:38',NULL,NULL),(13,4,3,85,NULL,'ADMIN','2021-04-07 02:14:38',NULL,NULL),(14,5,3,88,NULL,'ADMIN','2021-04-07 02:14:38',NULL,NULL),(14,6,3,96,NULL,'ADMIN','2021-04-07 02:14:38',NULL,NULL),(14,7,2,NULL,NULL,'ADMIN','2021-04-07 02:14:38',NULL,NULL),(14,8,2,NULL,NULL,'ADMIN','2021-04-07 02:14:38',NULL,NULL),(15,1,2,NULL,NULL,'ADMIN','2021-04-07 02:14:38',NULL,NULL),(15,4,1,NULL,NULL,'ADMIN','2021-04-07 02:14:38',NULL,NULL),(15,7,3,90,NULL,'ADMIN','2021-04-07 02:14:38',NULL,NULL),(16,2,2,NULL,NULL,'ADMIN','2021-04-07 02:14:38',NULL,NULL),(16,3,2,NULL,NULL,'ADMIN','2021-04-07 02:14:38',NULL,NULL),(16,5,2,NULL,NULL,'ADMIN','2021-04-07 02:14:38',NULL,NULL),(17,1,2,NULL,NULL,'ADMIN','2021-04-07 02:14:38',NULL,NULL),(17,2,1,NULL,NULL,'ADMIN','2021-04-07 02:14:38',NULL,NULL),(17,8,3,88,NULL,'ADMIN','2021-04-07 02:14:38',NULL,NULL),(18,7,3,72,NULL,'ADMIN','2021-04-07 02:14:38',NULL,NULL),(18,8,1,NULL,NULL,'ADMIN','2021-04-07 02:14:38',NULL,NULL),(19,3,3,56,NULL,'ADMIN','2021-04-07 02:14:38',NULL,NULL),(19,4,3,44,NULL,'ADMIN','2021-04-07 02:14:38',NULL,NULL),(19,7,3,84,NULL,'ADMIN','2021-04-07 02:14:38',NULL,NULL),(19,8,1,NULL,NULL,'ADMIN','2021-04-07 02:14:38',NULL,NULL),(20,2,3,98,NULL,'ADMIN','2021-04-07 02:14:38',NULL,NULL),(20,3,3,100,NULL,'ADMIN','2021-04-07 02:14:38',NULL,NULL),(21,1,3,97,NULL,'ADMIN','2021-04-07 02:14:38',NULL,NULL),(21,2,3,100,NULL,'ADMIN','2021-04-07 02:14:38',NULL,NULL),(22,3,3,83,NULL,'ADMIN','2021-04-07 02:14:38',NULL,NULL),(22,4,3,94,NULL,'ADMIN','2021-04-07 02:14:38',NULL,NULL),(23,2,3,79,NULL,'ADMIN','2021-04-07 02:14:38',NULL,NULL),(23,3,3,85,NULL,'ADMIN','2021-04-07 02:14:38',NULL,NULL),(23,6,3,77,NULL,'ADMIN','2021-04-07 02:14:38',NULL,NULL),(23,7,1,NULL,NULL,'ADMIN','2021-04-07 02:14:38',NULL,NULL),(24,1,3,99,NULL,'ADMIN','2021-04-07 02:14:38',NULL,NULL),(24,7,2,NULL,NULL,'ADMIN','2021-04-07 02:14:38',NULL,NULL),(24,8,2,NULL,NULL,'ADMIN','2021-04-07 02:14:38',NULL,NULL);
/*!40000 ALTER TABLE `exam_user` ENABLE KEYS */;
UNLOCK TABLES;

--
-- Table structure for table `item_pool`
--

DROP TABLE IF EXISTS `item_pool`;
/*!40101 SET @saved_cs_client     = @@character_set_client */;
/*!50503 SET character_set_client = utf8mb4 */;
CREATE TABLE `item_pool` (
  `item_no` int(30) NOT NULL AUTO_INCREMENT,
  `year` int(4) NOT NULL,
  `grade` varchar(30) NOT NULL,
  `course` varchar(50) NOT NULL,
  `large_category` varchar(10) NOT NULL,
  `medium_category` varchar(10) NOT NULL COMMENT '중분류코드',
  `type_group` varchar(10) NOT NULL COMMENT '유형그룹',
  `type` varchar(10) NOT NULL COMMENT '유형',
  `question_type` varchar(2) NOT NULL COMMENT '문제형태(M:객관식/S:주관식)',
  `question` varchar(1024) NOT NULL,
  `choice1` varchar(1024) DEFAULT NULL COMMENT '객관식 보기1',
  `choice2` varchar(1024) DEFAULT NULL COMMENT '객관식 보기2',
  `choice3` varchar(1024) DEFAULT NULL COMMENT '객관식 보기3',
  `choice4` varchar(1024) DEFAULT NULL COMMENT '객관식 보기4',
  `choice5` varchar(1024) DEFAULT NULL COMMENT '객관식 보기5',
  `file_path` varchar(500) DEFAULT NULL,
  `mark_type` int(1) NOT NULL COMMENT '채점 방법(0:자동/1:수동)',
  `answer` varchar(1024) DEFAULT NULL COMMENT '주관식 답',
  `answer_path` varchar(500) DEFAULT NULL COMMENT '주관식 답 image',
  `publisher` varchar(200) DEFAULT NULL COMMENT '출판사',
  `workbook` varchar(300) DEFAULT NULL COMMENT '문제집',
  `level_difficulty` int(1) NOT NULL COMMENT '난이도(1~5)',
  `use_yn` int(1) NOT NULL DEFAULT '0' COMMENT '사용여부',
  `input_id` varchar(45) NOT NULL,
  `input_date` datetime NOT NULL,
  `update_id` varchar(45) DEFAULT NULL,
  `update_date` datetime DEFAULT NULL,
  PRIMARY KEY (`item_no`)
) ENGINE=InnoDB AUTO_INCREMENT=11 DEFAULT CHARSET=utf8mb4 COLLATE=utf8mb4_0900_ai_ci COMMENT='문제은행';
/*!40101 SET character_set_client = @saved_cs_client */;

--
-- Dumping data for table `item_pool`
--

LOCK TABLES `item_pool` WRITE;
/*!40000 ALTER TABLE `item_pool` DISABLE KEYS */;
INSERT INTO `item_pool` VALUES (1,2021,'중1','1학기','M1101','01','A','1','S','세 점 A(-2,0), B(4,0), C(2,4)를 꼭지점으로 하는 삼각형 ABC의 외심의 좌표를 구하여라.','','','','','',NULL,1,'',NULL,'','',1,0,'ADMIN','2021-04-03 01:53:13',NULL,NULL),(2,2021,'중2','1학기','M2103','08','B','3','M','정희는 매일 같은 양의 일을 하는 병수를 도우려고 한다. 첫째 날은 병수와 정희가 함께 2시간 동안 작업하여 끝냈고, 둘째 날은 병수 혼자서 3시간 동안 한 후 정희와 함께 1시간 동안 작업하여 끝냈다. 만약 셋째 날에 이 일을 정희 혼자서 작업한다면 몇 시간이 걸리는가?','① 1시간','② 3시간','③ 5시간','④ 6시간','⑤ 10시간',NULL,0,'2',NULL,'기출문제','강남권',3,0,'ADMIN','2021-04-03 01:53:13',NULL,NULL),(3,2021,'중2','1학기','M2103','08','B','2','S','내가 나의 아버지의 현재 나이만큼 되었을 때, 나의 나이는 내 아들의 현재 나이의 5배가 될 것이고, 그때의 내 아들의 나이는 나의 현재 나이보다 8살이 많을 것이다.  나의 아버지와 나의 현재 나이를 합하면 100살일 때, 내 아들의 현재 나이는 몇 살인지 구하여라. ','','','','','',NULL,1,'13살',NULL,'디딤돌','수학의 신',2,0,'ADMIN','2021-04-03 01:53:13',NULL,NULL),(4,2021,'중2','1학기','M2103','08','B','1','S','한 개에 각각 200원, 600원 하는 세 종류의 상품이 있다.  6000원을 가지고 세 종류의 상품 16개를 사면 거스름돈이 남지 않는다.  600원짜리를 가능한 많이 사면 최대 M개 살 수 있고, 200원짜리를 가능한 적게 사면 최소 N개 살 수 있을 때, M+N의 값을 구하여라. (단, 세 종류의 상품을 각각 1개 이상은 사야 한다.)','','','','','',NULL,0,'9',NULL,'좋은책','쎈',2,0,'ADMIN','2021-04-03 01:53:13',NULL,NULL),(5,2021,'중2','1학기','M2103','08','B','4','S','둘레의 길이가 1.2Km 인 운동장을 형과 동생이 같은 지점에서 동시에 출발하여 같은 방향으로 달리면 출발한 지 10분 만에 처음으로 만나고, 다른 방향으로 달리면 출발한 지 4분 만에 처음으로 만난다고 한다.  형이 동생보다 빨리 달린다고 할 때, 형과 동생의 달리는 속력의 비를 가장 간단한 자연수의 비로 나타내어라. ','','','','','',NULL,1,'7 대 3',NULL,'풍산자','필수유형',3,0,'ADMIN','2021-04-03 01:53:13',NULL,NULL),(6,2021,'중2','1학기','M2103','08','B','5','S','어느 학교의 작년 학생 수가 500명이었는데, 올해는 남학생 수가 4% 감소하고, 여학생 수가 6% 증가하여 작년에 비해 전체 학생 수가 1% 감소하였다.  이때, 올해 남학생 수와 여학생 수를 각각 구하여라. ','','','','','',NULL,1,'남 336  여 159',NULL,'지학사','수학의 왕',2,0,'ADMIN','2021-04-03 01:53:13',NULL,NULL),(7,2021,'중2','1학기','M2102','05','B','1','M','십의 자리의 숫자와 일의 자리의 숫자의 합이 12인 두 자리의 자연수가 있다.  이 자연수의 십의 자리의 숫자와 일의 자리의 숫자를 바꾼 수는 처음 수의 2배보다 크다고 한다. 이때, 처음 수를 구하여라. ','① 35','② 36','③ 37','④ 38','⑤ 39',NULL,0,'5',NULL,'디딤돌','수학의 신',2,0,'ADMIN','2021-04-03 01:53:13',NULL,NULL),(8,2021,'중2','1학기','M2102','05','B','2','S','원가에 3할의 이익을 붙여서 정가를 정한 상품이 있다.  유행이 지나서 할인 판매를 해도 손해가 없이 팔려면 몇 %까지 할인하면 되는지 구하여라. (단, 소수 첫째 자리에서 반올림한다.)','','','','','',NULL,1,'0.23',NULL,'좋은책','쎈',2,0,'ADMIN','2021-04-03 01:53:13',NULL,NULL),(9,2021,'중2','1학기','M2102','05','C','1','S','어떤 음악회에서 5분짜리 곡과 7분짜리 곡을 섞어서 연주하여 총 공연 시간을 1시간 25분으로 계획했으나 오케스트라측과 협의하여 5분짜리 곡과 7분짜리 곡의 수를 바꾸어 연주하였더니 총 공연 시간이 1시간 32분과 1시간 36분 사이가 되었다.  곡과 곡 사이에는 1분씩 쉬는 시간이 있다고 할 때, 처음에 연주하려고 계획한 7분짜리 곡은 몇 곡인지 구하여라. ','','','','','',NULL,1,'4곡',NULL,'수경','자이스토리',3,0,'ADMIN','2021-04-03 01:53:13',NULL,NULL),(10,2021,'중2','1학기','M2102','05','C','2','S','어느 공항에서 비행기 표를 발매하기 시작했을 때 이미 300명이 줄을 서 있었고, 1분마다 10명의 새로운 사람들이 줄을 선다고 한다.  발매 창구가 3개일 때, 줄 서 있는 사람들이 모두 비행기 표를 구매하는 데 15분이 걸린다. 8분 이내에 줄 서 있는 사람들이 모두 비행기 표를 구매하기 위해서는 현재 3개인 발매 창구가 적어도 몇 개 더 있어야 하는지 구하여라. ','','','','','',NULL,1,'2개',NULL,'기출문제','월촌중',3,0,'ADMIN','2021-04-03 01:53:13',NULL,NULL);
/*!40000 ALTER TABLE `item_pool` ENABLE KEYS */;
UNLOCK TABLES;

--
-- Table structure for table `learn_plan_mngt`
--

DROP TABLE IF EXISTS `learn_plan_mngt`;
/*!40101 SET @saved_cs_client     = @@character_set_client */;
/*!50503 SET character_set_client = utf8mb4 */;
CREATE TABLE `learn_plan_mngt` (
  `no` int(10) NOT NULL AUTO_INCREMENT,
  `year` int(4) NOT NULL COMMENT '년도',
  `class_no` int(10) NOT NULL COMMENT '클래스NO',
  `teacher_id` varchar(45) NOT NULL COMMENT '교사id',
  `date` varchar(8) NOT NULL COMMENT '일자',
  `time` varchar(8) NOT NULL COMMENT '시간',
  `desc` varchar(500) DEFAULT NULL COMMENT '의견',
  `input_date` varchar(45) DEFAULT NULL,
  `input_id` datetime DEFAULT NULL,
  `update_id` varchar(45) DEFAULT NULL,
  `update_date` datetime DEFAULT NULL,
  PRIMARY KEY (`no`)
) ENGINE=InnoDB DEFAULT CHARSET=utf8mb4 COLLATE=utf8mb4_0900_ai_ci COMMENT='진도관리';
/*!40101 SET character_set_client = @saved_cs_client */;

--
-- Dumping data for table `learn_plan_mngt`
--

LOCK TABLES `learn_plan_mngt` WRITE;
/*!40000 ALTER TABLE `learn_plan_mngt` DISABLE KEYS */;
/*!40000 ALTER TABLE `learn_plan_mngt` ENABLE KEYS */;
UNLOCK TABLES;

--
-- Table structure for table `menu`
--

DROP TABLE IF EXISTS `menu`;
/*!40101 SET @saved_cs_client     = @@character_set_client */;
/*!50503 SET character_set_client = utf8mb4 */;
CREATE TABLE `menu` (
  `menu_code` varchar(10) NOT NULL COMMENT '메뉴코드',
  `menu_name` varchar(100) NOT NULL COMMENT '메뉴명',
  `parent_menu_code` varchar(10) DEFAULT NULL COMMENT '부모 메뉴 코드',
  `depth` int(1) NOT NULL COMMENT '메뉴 depth',
  `url` varchar(200) DEFAULT NULL,
  `use_yn` int(1) NOT NULL COMMENT '사용여부',
  `sort` int(2) DEFAULT NULL COMMENT '정렬순서',
  `input_id` varchar(45) NOT NULL,
  `input_date` datetime NOT NULL,
  `update_id` varchar(45) DEFAULT NULL,
  `update_date` datetime DEFAULT NULL,
  PRIMARY KEY (`menu_code`)
) ENGINE=InnoDB DEFAULT CHARSET=utf8mb4 COLLATE=utf8mb4_0900_ai_ci COMMENT='메뉴';
/*!40101 SET character_set_client = @saved_cs_client */;

--
-- Dumping data for table `menu`
--

LOCK TABLES `menu` WRITE;
/*!40000 ALTER TABLE `menu` DISABLE KEYS */;
/*!40000 ALTER TABLE `menu` ENABLE KEYS */;
UNLOCK TABLES;

--
-- Table structure for table `monthly_report`
--

DROP TABLE IF EXISTS `monthly_report`;
/*!40101 SET @saved_cs_client     = @@character_set_client */;
/*!50503 SET character_set_client = utf8mb4 */;
CREATE TABLE `monthly_report` (
  `no` int(10) NOT NULL AUTO_INCREMENT,
  `class_no` int(10) NOT NULL,
  `student_no` int(10) NOT NULL,
  `year` int(4) NOT NULL COMMENT '년',
  `month` int(2) NOT NULL COMMENT '월',
  `title` varchar(200) DEFAULT NULL COMMENT '월간리포트 타이틀',
  `start_date` varchar(8) DEFAULT NULL COMMENT '기간 시작일',
  `end_date` varchar(8) DEFAULT NULL COMMENT '기간 종료일',
  `homework` int(3) DEFAULT NULL COMMENT '과제이행 회수',
  `homework_total` int(3) DEFAULT NULL COMMENT '과제 총 횟수',
  `excellence` varchar(300) DEFAULT NULL COMMENT '장점',
  `goal` varchar(300) DEFAULT NULL COMMENT '목표',
  `notice` varchar(500) DEFAULT NULL COMMENT '전달사항',
  `input_id` varchar(45) NOT NULL,
  `input_date` datetime NOT NULL,
  `update_id` varchar(45) DEFAULT NULL,
  `update_date` datetime DEFAULT NULL,
  PRIMARY KEY (`no`)
) ENGINE=InnoDB DEFAULT CHARSET=utf8mb4 COLLATE=utf8mb4_0900_ai_ci COMMENT='월간리포트';
/*!40101 SET character_set_client = @saved_cs_client */;

--
-- Dumping data for table `monthly_report`
--

LOCK TABLES `monthly_report` WRITE;
/*!40000 ALTER TABLE `monthly_report` DISABLE KEYS */;
/*!40000 ALTER TABLE `monthly_report` ENABLE KEYS */;
UNLOCK TABLES;

--
-- Table structure for table `notice`
--

DROP TABLE IF EXISTS `notice`;
/*!40101 SET @saved_cs_client     = @@character_set_client */;
/*!50503 SET character_set_client = utf8mb4 */;
CREATE TABLE `notice` (
  `no` int(11) NOT NULL AUTO_INCREMENT,
  `title` varchar(100) DEFAULT NULL COMMENT '제목',
  `contents` varchar(1024) DEFAULT NULL COMMENT '내용',
  `state` int(1) DEFAULT NULL COMMENT '상태(0:HIDDEN/1:VIEW)',
  `input_id` varchar(45) DEFAULT NULL,
  `input_date` datetime DEFAULT NULL,
  `update_id` varchar(45) DEFAULT NULL,
  `update_date` datetime DEFAULT NULL,
  PRIMARY KEY (`no`)
) ENGINE=InnoDB DEFAULT CHARSET=utf8mb4 COLLATE=utf8mb4_0900_ai_ci COMMENT='공지사항';
/*!40101 SET character_set_client = @saved_cs_client */;

--
-- Dumping data for table `notice`
--

LOCK TABLES `notice` WRITE;
/*!40000 ALTER TABLE `notice` DISABLE KEYS */;
/*!40000 ALTER TABLE `notice` ENABLE KEYS */;
UNLOCK TABLES;

--
-- Table structure for table `score_mngt`
--

DROP TABLE IF EXISTS `score_mngt`;
/*!40101 SET @saved_cs_client     = @@character_set_client */;
/*!50503 SET character_set_client = utf8mb4 */;
CREATE TABLE `score_mngt` (
  `no` int(10) NOT NULL AUTO_INCREMENT,
  `student_no` int(10) NOT NULL,
  `year` int(4) NOT NULL,
  `term` varchar(45) DEFAULT NULL COMMENT '학기, 기간',
  `exam` varchar(100) NOT NULL COMMENT '시험 (midterm exam / finals / mock test / sat)',
  `score` varchar(20) NOT NULL COMMENT '점수',
  `description` varchar(500) DEFAULT NULL,
  `input_id` varchar(45) NOT NULL,
  `input_date` datetime NOT NULL,
  `update_id` varchar(45) DEFAULT NULL,
  `update_date` datetime DEFAULT NULL,
  PRIMARY KEY (`no`)
) ENGINE=InnoDB AUTO_INCREMENT=83 DEFAULT CHARSET=utf8 COMMENT='시험점수관리(중간/기말/모의고사/수능점수)';
/*!40101 SET character_set_client = @saved_cs_client */;

--
-- Dumping data for table `score_mngt`
--

LOCK TABLES `score_mngt` WRITE;
/*!40000 ALTER TABLE `score_mngt` DISABLE KEYS */;
INSERT INTO `score_mngt` VALUES (1,1,2020,'1','중간','92(1)','','ADMIN','2021-04-01 02:22:38',NULL,NULL),(2,2,2019,'2','중간','84(2)','','ADMIN','2021-04-01 02:22:38',NULL,NULL),(3,3,2016,'1','중간','70(3)','','ADMIN','2021-04-01 02:22:38',NULL,NULL),(4,4,2018,'2','중간','81(2)','','ADMIN','2021-04-01 02:22:38',NULL,NULL),(5,5,2017,'1','기말','77(3)','','ADMIN','2021-04-01 02:22:38',NULL,NULL),(6,6,2019,'1','중간','90(1)','','ADMIN','2021-04-01 02:22:38',NULL,NULL),(7,7,2018,'1','중간','67(4)','','ADMIN','2021-04-01 02:22:38',NULL,NULL),(8,8,2019,'2','중간','91(1)','','ADMIN','2021-04-01 02:22:38',NULL,NULL),(9,1,2020,'1','기말','90(1)','','ADMIN','2021-04-01 02:22:38',NULL,NULL),(10,2,2019,'2','기말','88(2)','','ADMIN','2021-04-01 02:22:38',NULL,NULL),(11,3,2016,'1','기말','76(3)','','ADMIN','2021-04-01 02:22:38',NULL,NULL),(12,4,2018,'2','기말','77(3)','','ADMIN','2021-04-01 02:22:38',NULL,NULL),(13,5,2017,'2','중간','82(2)','','ADMIN','2021-04-01 02:22:38',NULL,NULL),(14,6,2019,'1','기말','92(1)','','ADMIN','2021-04-01 02:22:38',NULL,NULL),(15,7,2018,'1','기말','69(4)','','ADMIN','2021-04-01 02:22:38',NULL,NULL),(16,8,2019,'2','기말','94(1)','','ADMIN','2021-04-01 02:22:38',NULL,NULL),(17,1,2020,'2','중간','','','ADMIN','2021-04-01 02:22:38',NULL,NULL),(18,2,2020,'1','중간','79(3)','','ADMIN','2021-04-01 02:22:38',NULL,NULL),(19,3,2016,'2','중간','72(3)','','ADMIN','2021-04-01 02:22:38',NULL,NULL),(20,4,2019,'1','중간','84(2)','','ADMIN','2021-04-01 02:22:38',NULL,NULL),(21,5,2017,'2','기말','72(3)','','ADMIN','2021-04-01 02:22:38',NULL,NULL),(22,6,2019,'2','중간','81(2)','','ADMIN','2021-04-01 02:22:38',NULL,NULL),(23,7,2018,'2','중간','71(3)','','ADMIN','2021-04-01 02:22:38',NULL,NULL),(24,8,2020,'1','중간','87(2)','','ADMIN','2021-04-01 02:22:38',NULL,NULL),(25,1,2020,'2','기말','','','ADMIN','2021-04-01 02:22:38',NULL,NULL),(26,2,2020,'1','기말','84(2)','','ADMIN','2021-04-01 02:22:38',NULL,NULL),(27,3,2016,'2','기말','70(3)','','ADMIN','2021-04-01 02:22:38',NULL,NULL),(28,4,2019,'1','기말','81(2)','','ADMIN','2021-04-01 02:22:38',NULL,NULL),(29,5,2018,'1','중간','77(3)','','ADMIN','2021-04-01 02:22:38',NULL,NULL),(30,6,2019,'2','기말','90(1)','','ADMIN','2021-04-01 02:22:38',NULL,NULL),(31,7,2018,'2','기말','67(4)','','ADMIN','2021-04-01 02:22:38',NULL,NULL),(32,8,2020,'1','기말','91(1)','','ADMIN','2021-04-01 02:22:38',NULL,NULL),(33,2,2020,'2','중간','','','ADMIN','2021-04-01 02:22:38',NULL,NULL),(34,3,2017,'1','중간','79(3)','','ADMIN','2021-04-01 02:22:38',NULL,NULL),(35,4,2019,'2','중간','88(2)','','ADMIN','2021-04-01 02:22:38',NULL,NULL),(36,5,2018,'1','기말','88(2)','','ADMIN','2021-04-01 02:22:38',NULL,NULL),(37,6,2020,'1','중간','92(1)','','ADMIN','2021-04-01 02:22:38',NULL,NULL),(38,7,2019,'1','중간','76(3)','','ADMIN','2021-04-01 02:22:38',NULL,NULL),(39,8,2020,'2','중간','','','ADMIN','2021-04-01 02:22:38',NULL,NULL),(40,2,2020,'2','기말','','','ADMIN','2021-04-01 02:22:38',NULL,NULL),(41,3,2017,'1','기말','85(2)','','ADMIN','2021-04-01 02:22:38',NULL,NULL),(42,4,2019,'2','기말','85(2)','','ADMIN','2021-04-01 02:22:38',NULL,NULL),(43,5,2018,'2','중간','72(3)','','ADMIN','2021-04-01 02:22:38',NULL,NULL),(44,6,2020,'1','기말','95(1)','','ADMIN','2021-04-01 02:22:38',NULL,NULL),(45,7,2019,'1','기말','61(4)','','ADMIN','2021-04-01 02:22:38',NULL,NULL),(46,8,2020,'2','기말','','','ADMIN','2021-04-01 02:22:38',NULL,NULL),(47,3,2017,'2','중간','70(3)','','ADMIN','2021-04-01 02:22:38',NULL,NULL),(48,4,2020,'1','중간','81(2)','','ADMIN','2021-04-01 02:22:38',NULL,NULL),(49,5,2018,'2','기말','77(3)','','ADMIN','2021-04-01 02:22:38',NULL,NULL),(50,6,2020,'2','중간','90(1)','','ADMIN','2021-04-01 02:22:38',NULL,NULL),(51,7,2019,'2','중간','67(4)','','ADMIN','2021-04-01 02:22:38',NULL,NULL),(52,3,2017,'2','기말','75(3)','','ADMIN','2021-04-01 02:22:38',NULL,NULL),(53,4,2020,'1','기말','89(2)','','ADMIN','2021-04-01 02:22:38',NULL,NULL),(54,5,2019,'1','중간','79(3)','','ADMIN','2021-04-01 02:22:38',NULL,NULL),(55,6,2020,'2','기말','92(1)','','ADMIN','2021-04-01 02:22:38',NULL,NULL),(56,7,2019,'2','기말','78(3)','','ADMIN','2021-04-01 02:22:38',NULL,NULL),(57,3,2018,'1','중간','78(3)','','ADMIN','2021-04-01 02:22:38',NULL,NULL),(58,4,2020,'2','중간','90(1)','','ADMIN','2021-04-01 02:22:38',NULL,NULL),(59,5,2019,'1','기말','83(2)','','ADMIN','2021-04-01 02:22:38',NULL,NULL),(60,7,2020,'1','중간','81(2)','','ADMIN','2021-04-01 02:22:38',NULL,NULL),(61,3,2018,'1','기말','86(2)','','ADMIN','2021-04-01 02:22:38',NULL,NULL),(62,4,2020,'2','기말','','','ADMIN','2021-04-01 02:22:38',NULL,NULL),(63,5,2019,'2','중간','88(2)','','ADMIN','2021-04-01 02:22:38',NULL,NULL),(64,7,2020,'1','기말','','','ADMIN','2021-04-01 02:22:38',NULL,NULL),(65,3,2018,'2','중간','89(2)','','ADMIN','2021-04-01 02:22:38',NULL,NULL),(66,5,2019,'2','기말','91(1)','','ADMIN','2021-04-01 02:22:38',NULL,NULL),(67,7,2020,'2','중간','','','ADMIN','2021-04-01 02:22:38',NULL,NULL),(68,3,2018,'2','기말','84(2)','','ADMIN','2021-04-01 02:22:38',NULL,NULL),(69,5,2020,'1','중간','83(2)','','ADMIN','2021-04-01 02:22:38',NULL,NULL),(70,7,2020,'2','기말','','','ADMIN','2021-04-01 02:22:38',NULL,NULL),(71,3,2019,'1','중간','89(2)','','ADMIN','2021-04-01 02:22:38',NULL,NULL),(72,5,2020,'1','기말','86(2)','','ADMIN','2021-04-01 02:22:38',NULL,NULL),(73,3,2019,'1','기말','92(1)','','ADMIN','2021-04-01 02:22:38',NULL,NULL),(74,5,2020,'2','중간','','','ADMIN','2021-04-01 02:22:38',NULL,NULL),(75,3,2019,'2','중간','93(1)','','ADMIN','2021-04-01 02:22:38',NULL,NULL),(76,5,2020,'2','기말','','','ADMIN','2021-04-01 02:22:38',NULL,NULL),(77,3,2019,'2','기말','87(1)','','ADMIN','2021-04-01 02:22:39',NULL,NULL),(78,3,2020,'1','중간','82(2)','','ADMIN','2021-04-01 02:22:39',NULL,NULL),(79,3,2020,'1','기말','89(1)','','ADMIN','2021-04-01 02:22:39',NULL,NULL),(80,3,2020,'2','중간','','','ADMIN','2021-04-01 02:22:39',NULL,NULL),(81,3,2020,'2','기말','','','ADMIN','2021-04-01 02:22:39',NULL,NULL),(82,1,2020,'1','중간','92(1)','','ADMIN','2021-04-01 02:22:39',NULL,NULL);
/*!40000 ALTER TABLE `score_mngt` ENABLE KEYS */;
UNLOCK TABLES;

--
-- Table structure for table `student_detail`
--

DROP TABLE IF EXISTS `student_detail`;
/*!40101 SET @saved_cs_client     = @@character_set_client */;
/*!50503 SET character_set_client = utf8mb4 */;
CREATE TABLE `student_detail` (
  `year` int(4) NOT NULL COMMENT '년도',
  `student_no` int(10) NOT NULL COMMENT '학생NO',
  `school` varchar(45) DEFAULT NULL COMMENT '학교',
  `grade` varchar(10) DEFAULT NULL COMMENT '학년',
  `test_date` varchar(8) DEFAULT NULL COMMENT '테스트일자',
  `test_range` varchar(45) DEFAULT NULL COMMENT '테스트 범위',
  `counsel_date` varchar(8) DEFAULT NULL COMMENT '상담일자',
  `intelligibility` int(1) DEFAULT NULL COMMENT '이해도',
  `concentrativeness` int(1) DEFAULT NULL COMMENT '집중도',
  `practical_ability` int(1) DEFAULT NULL COMMENT '응용력',
  `precedence_degree` int(1) DEFAULT NULL COMMENT '선행정도',
  `haaim_goal` varchar(100) DEFAULT NULL COMMENT '학원 목표치',
  `parents_goal` varchar(100) DEFAULT NULL COMMENT '학부모 목표치',
  `comments` varchar(1024) DEFAULT NULL COMMENT '특이사항',
  `merits` varchar(1024) DEFAULT NULL COMMENT '장점',
  `lesson_aims` varchar(1024) DEFAULT NULL COMMENT '학습목표',
  `input_id` varchar(45) NOT NULL,
  `input_date` datetime NOT NULL,
  `update_id` varchar(45) DEFAULT NULL,
  `update_date` datetime DEFAULT NULL,
  PRIMARY KEY (`year`,`student_no`),
  KEY `fk_student_detail_student_info1_idx` (`student_no`)
) ENGINE=InnoDB DEFAULT CHARSET=utf8mb4 COLLATE=utf8mb4_0900_ai_ci COMMENT='년도별 학생정보';
/*!40101 SET character_set_client = @saved_cs_client */;

--
-- Dumping data for table `student_detail`
--

LOCK TABLES `student_detail` WRITE;
/*!40000 ALTER TABLE `student_detail` DISABLE KEYS */;
INSERT INTO `student_detail` VALUES (2021,1,'한국고등학교','3','20200122','수1/수2/미적분','20200122',5,5,4,5,'92','100','','집중도가 매우 뛰어남','학습량이 많기 때문에 유형별 정리를 꼼꼼하게 해주기','ADMIN','2021-04-01 01:37:03',NULL,NULL),(2021,2,'진명여고','2','20190514','수1, 고등수학 상,하','20190515',3,3,4,3,'70점대','1등급','','아주 성실함','성실하게 때문에 이해도를 높혀주기 / 다양하게 설명해주기','ADMIN','2021-04-01 01:37:03',NULL,NULL),(2021,3,'서울예고','1','20160315','고등수학 상, 하','20160315',2,2,3,3,'80점대','수학의 자신감 갖도록','','공간 도형에 강함 / 센스가 있음','대수 파트에 흥미를 느끼도록 유도하기','ADMIN','2021-04-01 01:37:03',NULL,NULL),(2021,4,'월촌중학교','2','20180910','중등 전체 고등수학 상하','20180912',4,2,3,1,'1등급상승','수학 포기하지 않도록','','과제 완성도가 매우 좋음','과제 완성도가 높으니 잘 정리해서 난이도 문제 공략하기','ADMIN','2021-04-01 01:37:03',NULL,NULL),(2021,5,'이화외고','3','20170624','중등 전체 고등수학 상하','20170625',3,3,2,2,'85점','2등급 및 수능 1등급','','풀이 과정이 매우 꼼꼼함','풀이 과정 완성도가 높으니, 고난이도 문제 자주 도전하기','ADMIN','2021-04-01 01:37:03',NULL,NULL),(2021,6,'선화예고','4','20190111','수1/수2','20190111',5,3,4,3,'95','노력한만큼 점수가 나오도록','','어려운 문제도 풀어보려고 애씀','어려운 문제 풀고 난뒤 칭찬 많이 해주기 / 중간고사 성적 올리기','ADMIN','2021-04-01 01:37:03',NULL,NULL),(2021,7,'하임중학교','5','20180201','고등수학 상/하 수1','20180202',3,4,5,3,'90','공부에 흥미를 가지도록','','질문을 잘하며, 문제를 이해하려고 애씀','질문을 잘하기 때문에 그 때마다 질문 정리해주기','ADMIN','2021-04-01 01:37:03',NULL,NULL),(2021,8,'서강중학교','6','20190808','고등수학 상 중등 전체','20190809',5,4,5,3,'90','수학의 자신감 갖도록','','목표가 뚜렷하고, 열정이 넘침','구체적으로 목표 설정해주고, 잘 반응해주기','ADMIN','2021-04-01 01:37:03',NULL,NULL);
/*!40000 ALTER TABLE `student_detail` ENABLE KEYS */;
UNLOCK TABLES;

--
-- Table structure for table `student_info`
--

DROP TABLE IF EXISTS `student_info`;
/*!40101 SET @saved_cs_client     = @@character_set_client */;
/*!50503 SET character_set_client = utf8mb4 */;
CREATE TABLE `student_info` (
  `student_no` int(10) NOT NULL AUTO_INCREMENT,
  `name` varchar(20) NOT NULL,
  `birth` varchar(8) DEFAULT NULL COMMENT '생년월일',
  `mobile` varchar(15) NOT NULL COMMENT '연락처',
  `email` varchar(100) NOT NULL,
  `parent1_mobile` varchar(20) DEFAULT NULL COMMENT '학부모연락처',
  `parent2_mobile` varchar(20) DEFAULT NULL COMMENT '학부모연락처',
  `join_date` varchar(8) DEFAULT NULL COMMENT '등록일',
  `first_time` varchar(8) DEFAULT NULL,
  `input_id` varchar(45) NOT NULL,
  `input_date` datetime NOT NULL,
  `update_id` varchar(45) DEFAULT NULL,
  `update_date` datetime DEFAULT NULL,
  PRIMARY KEY (`student_no`)
) ENGINE=InnoDB AUTO_INCREMENT=9 DEFAULT CHARSET=utf8 COMMENT='학생정보';
/*!40101 SET character_set_client = @saved_cs_client */;

--
-- Dumping data for table `student_info`
--

LOCK TABLES `student_info` WRITE;
/*!40000 ALTER TABLE `student_info` DISABLE KEYS */;
INSERT INTO `student_info` VALUES (1,'장승은','20020526','010-5542-9152','','010-2231-7250','','20200122','20200122','ADMIN','2021-03-31 23:25:17',NULL,NULL),(2,'김민영','20031001','010-2231-7250','','010-5542-9152','','20190515','20190515','ADMIN','2021-03-31 23:25:17',NULL,NULL),(3,'남예진','20041105','010-3209-2354','','010-2231-7250','','20160315','20160315','ADMIN','2021-03-31 23:25:17',NULL,NULL),(4,'박용민','20051228','010-2660-4915','','010-3209-2354','','20180912','20180912','ADMIN','2021-03-31 23:25:17',NULL,NULL),(5,'김나연','20030228','010-7186-1998','','010-2660-4915','','20170625','20170625','ADMIN','2021-03-31 23:25:17',NULL,NULL),(6,'장지혜','20030625','010-9029-8526','','010-8817-1010','','20190111','20190111','ADMIN','2021-03-31 23:25:17',NULL,NULL),(7,'장덕일','20051010','010-8817-1010','','010-9029-8526','','20180202','20180202','ADMIN','2021-03-31 23:25:17',NULL,NULL),(8,'염동헌','20061228','010-38374894','','010-9166-2312','','20190809','20190809','ADMIN','2021-03-31 23:25:17',NULL,NULL);
/*!40000 ALTER TABLE `student_info` ENABLE KEYS */;
UNLOCK TABLES;

--
-- Table structure for table `user`
--

DROP TABLE IF EXISTS `user`;
/*!40101 SET @saved_cs_client     = @@character_set_client */;
/*!50503 SET character_set_client = utf8mb4 */;
CREATE TABLE `user` (
  `id` varchar(45) NOT NULL,
  `pwd` varchar(200) NOT NULL,
  `utype` int(1) NOT NULL COMMENT '사용자의구분/권한 ( 4:관리자/3:원장/2:교사/1:코디/0:학생)',
  `use_yn` int(1) DEFAULT NULL COMMENT '사용여부',
  `name` varchar(20) DEFAULT NULL,
  `mobile` varchar(15) DEFAULT NULL,
  `email` varchar(200) DEFAULT NULL,
  `student_no` int(10) DEFAULT NULL,
  `state` int(1) DEFAULT NULL,
  `input_id` varchar(45) NOT NULL,
  `input_date` datetime NOT NULL,
  `update_id` varchar(45) DEFAULT NULL,
  `update_date` datetime DEFAULT NULL,
  PRIMARY KEY (`id`),
  KEY `student_no` (`student_no`)
) ENGINE=InnoDB DEFAULT CHARSET=utf8 COMMENT='사용자';
/*!40101 SET character_set_client = @saved_cs_client */;

--
-- Dumping data for table `user`
--

LOCK TABLES `user` WRITE;
/*!40000 ALTER TABLE `user` DISABLE KEYS */;
INSERT INTO `user` VALUES ('admin','admin',4,NULL,'관리자','010-38374894','',NULL,NULL,'ADMIN','2021-04-02 01:07:08',NULL,NULL),('haaim01','haaim01',2,NULL,'교사1','010-5542-9152','',NULL,NULL,'ADMIN','2021-04-02 01:07:08',NULL,NULL),('haaim02','haaim02',2,NULL,'교사2','010-2231-7250','',NULL,NULL,'ADMIN','2021-04-02 01:07:08',NULL,NULL),('haaim03','haaim03',2,NULL,'교사3','010-3209-2354','',NULL,NULL,'ADMIN','2021-04-02 01:07:08',NULL,NULL),('haaim04','haaim04',2,NULL,'교사4','010-2660-4915','',NULL,NULL,'ADMIN','2021-04-02 01:07:08',NULL,NULL),('haaim11','haaim11',1,NULL,'코디1','010-7186-1998','',NULL,NULL,'ADMIN','2021-04-02 01:07:08',NULL,NULL),('haaim12','haaim12',1,NULL,'코디2','010-9029-8526','',NULL,NULL,'ADMIN','2021-04-02 01:07:08',NULL,NULL),('haaim13','haaim13',1,NULL,'코디3','010-8817-1010','',NULL,NULL,'ADMIN','2021-04-02 01:07:08',NULL,NULL),('jdi1010','jdi1010',0,NULL,'장덕일','010-8817-1010','',7,NULL,'ADMIN','2021-04-02 01:07:08',NULL,NULL),('jjh0625','jjh0625',0,NULL,'장지혜','010-9029-8526','',6,NULL,'ADMIN','2021-04-02 01:07:08',NULL,NULL),('jse0526','jse0526',0,NULL,'장승은','010-5542-9152','',1,NULL,'ADMIN','2021-04-02 01:07:08',NULL,NULL),('kmy1001','kmy1001',0,NULL,'김민영','010-2231-7250','',2,NULL,'ADMIN','2021-04-02 01:07:08',NULL,NULL),('kny0228','kny0228',0,NULL,'김나연','010-7186-1998','',5,NULL,'ADMIN','2021-04-02 01:07:08',NULL,NULL),('master','master',3,NULL,'원장','010-8817-1010','',NULL,NULL,'ADMIN','2021-04-02 01:07:08',NULL,NULL),('nyj1105','nyj1105',0,NULL,'남예진','010-3209-2354','',3,NULL,'ADMIN','2021-04-02 01:07:08',NULL,NULL),('pym1228','pym1228',0,NULL,'박용민','010-2660-4915','',4,NULL,'ADMIN','2021-04-02 01:07:08',NULL,NULL),('ydh1228','ydh1228',0,NULL,'염동헌','010-38374894','',8,NULL,'ADMIN','2021-04-02 01:07:08',NULL,NULL);
/*!40000 ALTER TABLE `user` ENABLE KEYS */;
UNLOCK TABLES;

--
-- Dumping routines for database 'haaim_db'
--
/*!50003 DROP FUNCTION IF EXISTS `getCurNm` */;
/*!50003 SET @saved_cs_client      = @@character_set_client */ ;
/*!50003 SET @saved_cs_results     = @@character_set_results */ ;
/*!50003 SET @saved_col_connection = @@collation_connection */ ;
/*!50003 SET character_set_client  = utf8mb4 */ ;
/*!50003 SET character_set_results = utf8mb4 */ ;
/*!50003 SET collation_connection  = utf8mb4_0900_ai_ci */ ;
/*!50003 SET @saved_sql_mode       = @@sql_mode */ ;
/*!50003 SET sql_mode              = 'STRICT_TRANS_TABLES,NO_ENGINE_SUBSTITUTION' */ ;
DELIMITER ;;
CREATE DEFINER=`haaim`@`localhost` FUNCTION `getCurNm`(lcode varchar(20), mcode varchar(20)) RETURNS varchar(400) CHARSET utf8mb4
BEGIN

DECLARE r_Lnm VARCHAR(200);
DECLARE r_Mnm VARCHAR(200);

	IF length(lcode) > 3 &&  length(mcode) > 1  then 

	SELECT CODE_NAME into r_Lnm FROM CODE 
	WHERE USE_YN=0 
	AND GROUP_CODE='category'
	AND CODE = lcode;

	SELECT CODE_NAME into r_Mnm FROM CODE 
	WHERE USE_YN=0 
	AND GROUP_CODE=lcode
	AND CODE = mcode;

	RETURN CONCAT(r_Lnm,'> ',r_Mnm);

	ELSE 
    
	RETURN '';
    
	END IF;
END ;;
DELIMITER ;
/*!50003 SET sql_mode              = @saved_sql_mode */ ;
/*!50003 SET character_set_client  = @saved_cs_client */ ;
/*!50003 SET character_set_results = @saved_cs_results */ ;
/*!50003 SET collation_connection  = @saved_col_connection */ ;
/*!40103 SET TIME_ZONE=@OLD_TIME_ZONE */;

/*!40101 SET SQL_MODE=@OLD_SQL_MODE */;
/*!40014 SET FOREIGN_KEY_CHECKS=@OLD_FOREIGN_KEY_CHECKS */;
/*!40014 SET UNIQUE_CHECKS=@OLD_UNIQUE_CHECKS */;
/*!40101 SET CHARACTER_SET_CLIENT=@OLD_CHARACTER_SET_CLIENT */;
/*!40101 SET CHARACTER_SET_RESULTS=@OLD_CHARACTER_SET_RESULTS */;
/*!40101 SET COLLATION_CONNECTION=@OLD_COLLATION_CONNECTION */;
/*!40111 SET SQL_NOTES=@OLD_SQL_NOTES */;

-- Dump completed on 2021-04-26 23:31:31
